profile_id,lat,lon,date,day_of_year,sst,t_0,t_5,t_10,t_20,t_30,t_50,t_75,t_100,t_125,t_150,t_200,t_300,t_500,t_700,t_1000
7902287_003,8.8,68.1167,2025-03-30,89,29.69,,30.05,30.063,30.046,29.906,29.255,28.344,25.62,21.556,20.133,16.267,13.436,11.41,10.246,8.28
6903139_331,11.4388,47.4035,2025-03-30,89,26.61,,27.029,27.02,26.798,26.673,25.789,25.123,24.176,21.326,19.426,17.555,15.259,14.581,13.471,
2903989_005,16.2667,87.8833,2025-03-30,89,28.94,,29.212,29.155,28.958,28.615,27.982,27.524,27.253,25.261,21.758,16.524,12.346,10.34,8.869,6.94
5907085_053,8.5333,69.4,2025-03-30,89,29.97,,30.469,30.426,30.348,30.255,29.588,29.182,27.822,24.685,19.399,15.934,13.162,11.24,9.767,7.349
2902201_332,18.844,58.541,2025-03-30,89,26.97,,27.392,27.253,27.205,27.166,24.772,23.869,23.612,21.941,20.558,18.564,16.202,12.989,11.371,8.972
7902251_009,10.3667,86.1,2025-03-29,88,29.34,,29.641,29.531,29.798,29.654,29.219,28.316,25.588,21.669,18.966,14.744,11.919,10.061,8.46,6.491
1902673_053,10.95,69.3333,2025-03-29,88,29.6,,30.052,30.04,29.931,29.823,29.401,28.558,25.887,22.399,20.602,16.738,14.01,11.635,10.598,8.489
2902775_229,7.661,88.865,2025-03-29,88,29.46,29.752,29.39,29.371,29.395,29.434,29.418,29.349,26.183,21.989,19.198,14.754,12.041,10.082,8.48,6.569
6903140_326,23.9954,62.8946,2025-03-29,88,25.47,,25.273,25.268,25.238,24.943,23.849,23.764,23.49,23.068,21.558,19.148,16.88,13.201,11.828,9.177
6903139_330,11.5221,47.3226,2025-03-29,88,26.65,,27.198,27.195,27.2,27.191,25.773,25.071,24.623,21.263,19.861,17.89,15.276,14.687,14.018,10.516
6903141_326,23.9599,59.4087,2025-03-29,88,25.29,,25.01,24.844,24.434,24.117,23.916,23.785,23.777,23.763,23.741,21.983,22.146,14.348,12.196,9.454
6903138_330,10.2972,55.4424,2025-03-29,88,27.91,,28.121,28.119,27.724,27.519,26.37,25.791,25.306,21.149,18.327,15.327,13.745,11.838,10.929,8.304
2903145_050,9.2342,55.497,2025-03-29,88,27.9,,28.122,28.121,28.123,27.344,25.761,25.56,22.38,19.497,17.536,14.824,12.543,10.738,10.109,8.335
2903142_086,13.397,62.3461,2025-03-29,88,28.56,,28.602,28.601,28.299,27.757,25.499,24.884,24.417,20.271,18.325,16.47,13.755,11.974,10.75,8.849
7902249_009,10.4833,84.2333,2025-03-29,88,29.54,,29.683,29.678,29.618,29.685,29.775,29.594,28.609,24.883,21.209,16.413,12.465,10.162,8.611,
1901898_250,13.1139,48.9758,2025-03-28,87,27.05,,,,,25.545,24.106,23.475,22.249,19.99,18.861,17.026,15.097,14.598,13.889,10.778
4903794_017,7.2287,88.305,2025-03-28,87,29.27,,29.558,29.548,29.382,29.188,28.496,28.039,24.537,20.686,19.237,15.603,11.892,10.037,8.405,6.443
7902190_034,15.8382,83.1731,2025-03-28,87,29.0,,29.306,29.314,29.319,28.747,27.835,27.485,26.755,22.206,19.399,15.838,12.15,10.234,8.697,6.867
7901016_059,11.9848,56.1152,2025-03-28,87,27.47,,27.893,27.902,27.891,27.599,25.207,24.546,24.228,23.421,20.222,17.589,14.107,12.69,11.621,8.569
5907179_003,12.3167,68.15,2025-03-28,87,29.7,,29.982,29.984,29.936,29.752,29.124,27.463,24.408,22.042,19.115,15.786,13.112,11.8,10.786,8.575
2903149_050,13.313,62.8197,2025-03-28,87,28.53,,28.674,28.678,28.577,28.555,28.022,25.292,21.672,18.816,18.366,15.511,13.282,11.542,10.891,8.727
7902248_009,9.2167,87.0333,2025-03-28,87,29.36,,29.723,29.575,29.516,29.244,28.52,26.941,23.122,18.769,17.555,15.082,12.02,10.141,8.612,6.67
6990612_053,10.9667,68.9833,2025-03-28,87,29.61,,29.819,29.815,29.731,29.652,29.249,26.617,23.626,21.555,20.663,17.395,13.985,11.662,10.809,8.682
1902756_002,14.441,52.7616,2025-03-28,87,27.24,,27.779,27.775,27.629,27.056,24.988,24.305,23.24,20.746,19.368,16.845,14.528,12.689,12.249,9.817
1902681_035,10.9364,83.5562,2025-03-28,87,29.34,,29.618,29.573,29.471,29.283,28.769,27.276,23.561,20.973,19.125,16.163,12.175,10.223,8.615,6.678
2903147_050,14.6362,58.8136,2025-03-27,86,27.48,,27.68,27.688,27.676,27.665,25.503,24.206,24.226,21.957,19.67,17.706,14.706,12.376,11.036,9.051
4903793_017,6.261,90.9983,2025-03-27,86,29.55,,29.66,29.659,29.593,29.199,28.741,26.636,23.003,19.03,17.162,14.115,11.703,9.785,8.46,6.619
2903988_007,13.85,85.85,2025-03-27,86,29.43,,29.774,29.702,29.599,29.542,29.035,28.171,23.544,20.811,19.072,17.984,12.87,10.398,8.767,6.883
2903895_043,10.0667,63.7167,2025-03-27,86,28.69,,29.127,29.1,28.941,28.381,26.2,25.379,22.622,20.092,17.456,15.249,12.858,11.287,10.355,8.082
3902573_043,8.65,65.8,2025-03-27,86,29.57,,29.957,29.948,29.817,29.776,29.441,28.096,26.486,23.15,21.026,16.678,13.25,11.35,10.017,7.911
7901136_067,15.7272,69.21,2025-03-27,86,29.34,,29.677,29.65,29.609,29.974,28.787,28.025,25.539,21.946,19.611,16.684,14.134,12.177,11.324,9.047
2902765_188,9.867,84.473,2025-03-27,86,29.38,,29.527,29.52,29.43,28.989,28.277,28.266,28.141,26.022,21.357,17.647,12.496,10.122,8.585,6.449
6903139_329,11.6163,47.2479,2025-03-27,86,27.09,,27.228,27.224,27.186,26.677,26.029,25.515,24.373,21.638,19.054,17.835,14.721,14.992,14.093,10.521
6903140_325,24.0373,62.74,2025-03-27,86,25.06,,25.431,25.432,25.44,24.153,23.928,23.779,23.488,22.367,20.681,18.944,16.365,13.233,11.597,9.268
6903138_329,10.4123,55.3287,2025-03-27,86,27.59,,28.296,28.299,28.06,26.662,26.387,26.093,25.066,22.562,18.595,15.462,14.082,11.963,10.838,8.246
6903141_325,24.0121,59.5406,2025-03-27,86,24.79,,24.525,24.538,24.53,24.025,23.961,23.788,23.754,23.788,22.69,21.739,22.083,14.548,12.011,9.34
5907180_003,16.5333,68.6667,2025-03-26,85,28.83,,29.202,29.204,29.16,29.04,28.573,25.066,22.5,21.206,19.453,16.256,14.637,12.75,11.281,8.984
1902458_066,12.3965,67.2613,2025-03-26,85,29.24,,29.664,29.663,29.546,29.383,27.978,27.725,27.16,22.264,19.581,16.511,13.383,11.763,10.553,8.678
5907171_004,13.6667,88.8,2025-03-26,85,29.04,,29.719,29.531,29.168,28.684,27.859,28.279,26.235,22.756,20.023,16.462,12.093,9.893,8.125,6.475
6990608_070,8.1833,88.6833,2025-03-26,85,29.7,,30.004,29.927,29.736,29.668,29.076,28.294,25.39,21.802,18.914,14.915,11.864,9.963,8.482,6.666
4903869_003,15.6667,87.3,2025-03-26,85,29.08,,29.119,29.072,29.001,28.709,27.723,27.662,24.395,21.624,18.37,14.909,12.043,10.236,8.833,6.938
2903892_056,12.8333,83.6333,2025-03-26,85,29.47,,29.763,29.732,29.702,29.587,29.137,28.778,27.687,24.432,21.305,17.152,13.517,10.736,8.952,6.772
5907092_065,15.1652,64.1104,2025-03-26,85,27.87,,28.124,28.088,27.957,26.541,25.056,24.764,24.248,22.56,19.522,16.818,14.334,11.963,10.731,8.968
4903783_043,6.354,67.7716,2025-03-26,85,29.99,,30.388,30.165,30.103,29.888,29.108,28.654,26.865,23.826,19.839,15.829,12.538,10.864,9.366,7.031
4903777_043,6.5833,63.1167,2025-03-26,85,29.48,,29.768,29.768,29.773,29.711,28.95,26.387,24.252,22.208,20.279,15.815,12.679,10.97,9.8,
1902198_247,6.0945,84.5103,2025-03-25,84,29.71,,29.822,29.754,29.701,29.638,29.609,27.837,24.055,19.334,16.631,13.503,11.737,9.746,8.423,6.594
6903059_476,19.3417,61.2845,2025-03-25,84,27.59,,27.922,27.782,25.867,24.712,24.233,24.139,22.657,20.99,19.794,18.753,15.606,12.883,11.313,9.023
6990705_003,6.4167,88.75,2025-03-25,84,29.53,,29.589,29.439,29.399,29.379,29.174,25.907,21.871,18.255,16.473,13.916,11.768,10.055,8.535,6.734
6990609_056,10.4167,89.4667,2025-03-25,84,29.44,,29.635,29.553,29.419,29.249,28.858,28.56,25.801,21.926,19.003,14.532,11.654,9.889,8.25,6.678
7901127_056,8.8167,92.05,2025-03-25,84,29.48,,29.734,29.617,29.439,29.047,27.48,24.457,20.249,17.437,15.622,14.431,11.944,9.917,8.443,6.639
1902594_071,9.3757,86.4985,2025-03-25,84,29.42,,29.844,29.645,29.535,29.258,28.601,27.617,23.637,20.361,18.346,14.83,11.953,10.041,8.451,6.663
6990611_054,21.6,66.8833,2025-03-25,84,27.47,,27.466,27.323,27.254,27.06,26.207,24.406,23.596,23.49,23.735,22.345,17.401,13.561,11.666,9.289
7902200_024,6.3042,65.1881,2025-03-25,84,29.81,,30.104,30.11,30.069,29.871,28.906,28.212,23.299,21.149,18.735,15.346,12.576,10.89,9.08,7.355
6903138_328,10.5578,55.2048,2025-03-25,84,27.94,,27.65,27.668,27.746,27.625,27.295,26.922,25.728,20.955,18.543,16.021,13.961,11.479,10.888,8.301
6903140_324,24.0382,62.5788,2025-03-25,84,25.91,,26.158,26.101,24.554,24.034,23.734,23.504,22.388,21.265,20.064,19.608,15.777,13.28,11.569,9.257
6903141_324,23.8652,59.2073,2025-03-25,84,25.47,,25.783,25.39,24.212,23.898,23.822,23.733,23.646,23.09,22.224,21.325,21.943,14.293,11.897,9.189
6903139_328,11.758,47.1866,2025-03-24,83,27.45,,27.403,27.283,27.053,26.855,26.316,25.606,24.915,23.001,19.204,16.433,14.08,14.839,14.907,10.649
2902766_193,15.76,87.106,2025-03-24,83,29.0,,29.155,29.131,28.706,28.31,27.873,26.192,23.229,20.394,18.054,14.543,11.961,10.247,8.734,6.884
2903891_056,12.9333,89.8167,2025-03-24,83,29.23,,29.396,29.398,29.327,29.076,28.467,28.269,26.82,23.041,20.262,15.765,12.175,10.191,8.717,6.73
7901126_056,10.9667,89.9,2025-03-24,83,29.45,,29.8,29.672,29.472,29.188,28.814,28.587,25.791,21.096,17.799,14.126,11.545,9.766,8.42,6.692
4903776_056,10.3833,88.3667,2025-03-24,83,29.38,,29.72,29.542,29.456,29.329,28.905,28.584,26.151,21.737,18.869,14.654,12.036,9.887,8.422,6.753
4903660_090,15.835,59.5763,2025-03-24,83,28.06,,28.058,27.994,27.337,26.055,25.069,24.777,23.852,21.65,19.08,17.299,14.65,13.035,11.438,9.211
6990514_090,17.8646,64.5357,2025-03-24,83,27.9,,27.767,27.677,27.557,27.46,25.701,24.486,24.28,20.562,19.772,18.213,14.99,12.57,11.062,9.039
1902681_036,10.7964,83.3633,2025-04-06,96,29.92,,29.866,29.879,29.969,29.836,28.6,27.343,22.854,20.951,19.513,15.73,12.258,10.088,8.701,6.647
2903988_008,13.7833,86.0,2025-04-06,96,29.86,,29.901,29.896,29.828,29.62,29.155,28.9,27.784,24.007,21.556,17.797,13.37,10.351,8.783,6.977
2903895_044,9.9,63.2833,2025-04-06,96,29.09,,29.395,29.124,29.036,28.931,27.716,26.791,24.829,21.138,19.163,15.433,13.332,11.521,10.651,8.358
3902573_044,8.3833,65.7833,2025-04-06,96,30.1,,30.686,30.444,30.285,30.108,29.374,28.681,27.325,24.496,22.04,17.235,13.354,11.511,10.242,8.05
7901136_068,15.1512,69.3923,2025-04-06,96,29.92,,29.852,29.693,29.484,29.329,29.05,28.701,22.711,19.441,17.463,15.984,13.512,11.757,10.834,8.872
6903141_330,23.5879,59.8906,2025-04-06,96,27.48,,26.89,26.491,25.688,25.152,23.887,23.731,23.641,23.572,23.203,21.249,19.794,13.888,11.851,9.686
6903140_330,23.3068,63.3641,2025-04-06,96,27.92,,27.184,26.681,26.225,24.929,23.906,23.723,23.459,23.187,22.972,20.917,17.943,14.018,11.786,9.28
6903138_334,10.1412,55.9825,2025-04-06,96,28.61,,29.046,28.428,27.944,27.41,25.971,25.238,24.206,21.236,17.79,14.983,13.175,11.284,11.075,8.233
2902765_189,9.632,84.56,2025-04-06,96,29.8,,29.874,29.87,29.931,29.939,29.737,28.985,26.533,23.063,20.383,16.432,12.544,10.158,8.612,6.604
4903793_018,5.8239,91.0463,2025-04-06,96,29.75,,29.829,29.827,29.788,29.167,28.65,27.343,21.863,18.716,15.952,13.409,11.604,9.943,8.545,6.883
4903839_002,23.9973,59.5283,2025-04-06,96,27.68,,26.264,25.384,24.006,23.873,23.808,23.621,23.556,23.661,22.955,22.305,21.731,14.436,11.983,9.29
5907141_002,24.1937,58.5576,2025-04-06,96,27.85,,26.367,25.452,24.732,24.44,23.79,23.705,23.573,23.361,22.498,20.923,17.708,13.233,11.28,9.056
2903955_001,23.8924,59.5835,2025-04-05,95,27.5,,26.551,26.144,24.85,24.215,23.814,23.631,23.621,22.989,22.607,21.63,21.972,14.529,12.145,9.286
1902458_067,12.414,67.2476,2025-04-05,95,30.05,,30.218,29.923,29.842,29.581,28.058,26.409,23.493,20.438,18.609,15.557,13.165,11.795,10.466,8.484
6903139_334,11.3446,47.4442,2025-04-05,95,26.42,,27.512,27.51,27.377,25.537,24.836,24.506,24.095,21.718,19.316,17.624,15.677,14.847,13.332,
5907180_004,16.3333,69.05,2025-04-05,95,29.81,,29.524,29.468,29.279,29.169,28.472,27.371,23.451,20.932,19.553,17.276,13.887,12.463,11.145,8.812
5907171_005,13.6833,88.55,2025-04-05,95,29.55,,29.987,29.723,29.727,29.574,28.37,27.719,25.665,22.441,19.79,16.571,11.782,9.755,8.27,6.438
4903869_004,15.2667,87.3667,2025-04-05,95,29.8,,29.518,29.444,29.187,28.89,28.11,27.54,25.546,22.066,18.958,15.262,11.942,10.158,8.794,6.85
2903892_057,13.15,83.9833,2025-04-05,95,29.96,,29.848,29.84,29.821,29.804,29.531,28.828,28.607,27.672,23.909,17.895,13.179,10.532,8.892,6.955
4903777_044,6.6833,63.6667,2025-04-05,95,30.15,,30.532,30.454,30.345,30.2,29.064,26.683,22.825,20.33,18.474,15.539,12.705,10.831,9.465,7.276
6990608_071,8.45,88.7833,2025-04-05,95,29.65,,29.895,29.854,29.683,29.365,28.948,28.462,24.688,21.008,18.788,14.93,11.703,9.834,8.373,6.604
5907092_066,14.8192,64.0116,2025-04-05,95,28.55,,29.118,28.817,28.576,28.392,26.605,24.918,23.344,20.785,18.842,16.791,14.435,12.281,11.032,8.921
4903783_044,6.367,67.7363,2025-04-05,95,30.33,,30.344,30.264,30.191,29.972,28.98,27.987,24.299,21.462,19.173,15.081,12.588,10.982,9.412,7.067
1902198_248,6.3649,84.7639,2025-04-04,94,29.63,,30.054,30.027,29.985,29.582,28.741,26.924,19.975,17.475,15.345,13.331,11.475,10.056,8.585,6.631
1902457_068,5.783,68.1816,2025-04-04,94,30.33,,30.568,30.376,30.231,29.794,28.944,28.57,26.551,22.505,19.001,14.842,11.956,10.785,9.693,7.341
6990609_057,10.6,89.7667,2025-04-04,94,29.51,,29.612,29.627,29.641,29.442,28.725,28.013,25.554,21.407,17.28,13.807,11.485,9.593,8.191,6.6
6990705_004,6.7333,88.9667,2025-04-04,94,29.5,,29.955,29.955,29.728,29.417,28.641,27.26,21.763,18.706,16.999,14.374,11.865,10.211,8.588,6.778
6990611_055,21.5333,67.0833,2025-04-04,94,27.95,,27.025,26.783,25.647,24.67,24.25,24.049,23.774,23.48,23.12,20.04,17.085,13.684,11.523,9.053
7901127_057,9.2167,91.8667,2025-04-04,94,29.13,,29.867,29.83,29.815,29.843,29.706,28.642,23.62,19.628,17.48,13.821,11.64,10.248,8.734,6.765
6903141_329,23.9247,60.0467,2025-04-04,94,27.03,,26.318,25.788,25.329,25.092,23.875,23.489,23.689,23.523,22.388,20.816,19.626,13.992,11.821,9.185
6903140_329,23.6373,63.3064,2025-04-04,94,26.96,,26.298,26.198,25.581,24.334,23.738,23.76,23.658,23.513,22.825,19.862,18.33,13.785,11.885,9.551
6903138_333,10.1105,55.881,2025-04-04,94,28.31,,28.608,28.537,28.476,28.213,26.192,24.988,22.946,19.602,17.52,15.352,12.695,11.186,11.09,8.079
6903059_477,19.5815,61.3504,2025-04-04,94,27.97,,27.628,27.464,25.455,24.502,24.234,24.262,24.033,21.871,19.981,18.741,16.194,12.905,11.497,9.084
7902200_025,6.1022,65.6088,2025-04-04,94,30.33,,30.169,30.145,30.132,30.0,29.339,27.851,24.146,21.701,18.304,15.015,12.661,10.793,9.466,7.428
1902594_072,9.7713,86.4666,2025-04-04,94,29.51,,29.869,29.85,29.79,29.591,28.841,27.958,22.392,19.235,17.443,15.181,12.286,10.108,8.574,6.64
2903955_001D,23.9637,59.6485,2025-04-04,94,27.15,,,25.369,24.789,24.845,24.108,23.391,23.74,23.581,22.845,22.104,22.092,14.586,12.056,9.324
4903839_001,23.7885,59.5582,2025-04-03,93,26.6,,25.674,25.47,25.046,24.768,23.983,23.789,23.761,23.801,22.675,22.301,21.885,14.261,11.973,9.548
5907141_001,24.2133,58.4077,2025-04-03,93,26.83,,25.643,24.713,24.212,24.073,23.817,23.664,23.508,23.132,22.39,20.629,17.606,13.156,11.178,8.809
6903139_333,11.3341,47.5119,2025-04-03,93,26.6,,27.212,26.85,26.418,26.252,25.335,24.836,24.064,21.113,19.208,17.625,14.984,14.712,,
2903891_057,12.9333,89.8167,2025-04-03,93,29.21,,29.625,29.624,29.522,29.239,28.575,28.407,27.828,23.965,20.634,15.92,12.091,10.044,8.614,6.698
7901126_057,11.1667,90.1167,2025-04-03,93,29.18,,29.584,29.593,29.618,29.356,28.653,27.926,24.043,19.695,16.743,13.597,11.401,9.619,8.335,6.761
4903776_057,10.3,88.4667,2025-04-03,93,29.48,,29.755,29.749,29.661,29.583,28.91,28.051,25.958,22.191,18.932,14.689,11.734,9.77,8.356,6.774
2902766_194,15.388,87.026,2025-04-03,93,29.21,,29.135,29.019,28.754,28.611,28.112,27.862,26.361,22.134,19.439,15.611,12.136,10.367,8.806,6.905
4903839_001D,23.8446,59.635,2025-04-02,92,26.19,,,,25.059,24.127,23.879,23.805,23.788,23.831,23.884,22.227,22.003,14.487,12.082,9.554
2903434_036,9.8629,84.7429,2025-04-02,92,29.72,,29.844,29.85,29.787,29.85,29.154,29.565,27.404,23.649,20.717,16.379,12.398,10.094,8.566,6.582
7901125_057,13.35,90.05,2025-04-02,92,29.16,,29.435,29.446,29.627,29.469,28.914,28.444,27.422,22.668,19.855,14.792,11.925,9.949,8.45,6.43
1902672_055,17.5333,70.5667,2025-04-02,92,29.27,,29.094,29.051,28.931,28.846,28.195,26.274,24.627,21.178,19.484,16.599,14.119,12.505,10.931,8.599
5907084_055,19.6833,64.5667,2025-04-02,92,27.9,,27.776,27.411,27.119,25.887,24.239,24.071,24.132,22.654,20.679,18.677,15.015,12.777,11.164,8.977
7901128_055,17.9333,67.65,2025-04-02,92,29.0,,28.949,28.942,28.847,28.75,27.672,25.569,24.062,21.951,20.383,17.796,14.615,12.559,11.105,8.823
6990610_055,20.25,62.3333,2025-04-02,92,27.79,,27.425,27.328,26.75,25.671,24.444,24.273,24.154,23.423,21.211,20.975,18.655,13.658,11.706,9.3
6903141_328,24.3037,59.9144,2025-04-02,92,26.12,,25.578,25.189,24.709,23.888,23.673,23.489,23.783,23.729,23.296,21.079,21.553,14.186,11.824,9.216
6903140_328,23.8552,63.1806,2025-04-02,92,26.46,,26.014,25.854,25.487,24.237,23.805,23.703,23.609,23.59,22.397,19.945,17.031,13.561,11.951,9.366
6903138_332,10.1428,55.7592,2025-04-02,92,28.02,,28.45,28.323,28.164,27.549,26.268,25.332,21.789,19.394,16.961,15.561,12.695,11.193,11.05,8.184
6990514_091,18.1295,64.7314,2025-04-02,92,28.17,,27.79,27.71,27.6,25.94,25.156,24.285,23.447,21.186,18.826,17.699,15.071,12.672,11.102,9.125
4903660_091,16.0033,59.5857,2025-04-02,92,27.99,,27.829,27.802,27.76,26.121,25.3,24.95,24.635,23.402,20.389,17.865,15.074,13.044,11.367,9.191
2902272_217,18.7964,59.8217,2025-04-02,92,27.49,,27.226,27.205,27.192,25.321,24.525,24.434,23.665,22.012,20.458,18.69,15.8,13.187,11.439,9.027
5907141_001D,24.2759,58.4074,2025-04-02,92,26.38,,,25.201,24.808,24.414,23.748,23.66,23.39,22.891,21.828,21.101,17.585,13.037,11.209,8.812
2902306_034,20.3285,63.0012,2025-04-02,92,27.9,,27.436,27.41,27.367,26.922,24.91,24.226,24.09,23.757,21.471,19.134,16.522,13.228,11.416,8.984
6990715_003,9.4,68.45,2025-04-01,91,29.6,,30.144,30.135,29.979,29.778,29.438,28.316,27.156,24.177,21.334,17.406,13.543,11.402,9.792,8.036
2902768_188,13.258,84.303,2025-04-01,91,29.57,,29.705,29.714,29.679,29.647,29.187,29.113,27.97,26.629,22.99,18.474,13.621,10.537,9.043,6.944
2902770_187,11.778,90.231,2025-04-01,91,29.22,29.864,29.873,29.726,29.716,29.53,28.617,27.587,24.54,20.501,17.143,13.437,11.872,9.933,8.518,6.63
2902772_187,14.466,85.169,2025-04-01,91,29.71,,29.917,29.807,29.771,29.596,28.938,28.078,25.068,20.59,18.976,16.156,12.527,10.279,8.791,6.904
6903139_332,11.3437,47.486,2025-04-01,91,26.32,,26.3,26.227,26.094,25.972,25.641,24.834,23.741,21.162,19.512,17.361,15.437,14.652,13.406,
2903138_086,6.7451,67.5595,2025-04-01,91,29.76,,30.361,30.209,30.076,30.271,29.338,28.888,26.35,23.791,18.61,15.24,12.6,11.08,9.185,7.353
5907083_057,11.75,86.1667,2025-04-01,91,29.44,,29.568,29.558,29.444,29.21,28.873,28.435,26.423,22.752,20.125,15.53,12.133,10.228,8.746,6.776
1902671_055,16.9333,70.1667,2025-04-01,91,28.77,,28.811,28.813,28.735,28.377,27.039,24.377,23.147,21.25,18.625,16.743,14.244,12.648,11.179,8.895
4903775_057,13.5667,90.6667,2025-04-01,91,29.32,,29.662,29.462,29.256,29.049,28.201,28.005,24.035,20.407,18.262,14.727,11.761,9.819,8.364,6.604
1902669_057,15.0,86.7,2025-04-01,91,29.28,,29.399,29.398,29.458,29.394,28.009,27.355,25.39,21.598,19.283,15.376,12.339,10.326,8.708,6.916
1901897_251,18.0003,60.9992,2025-04-01,91,27.53,,,,,24.931,24.446,24.379,23.74,22.085,20.582,18.266,15.196,13.121,11.595,9.34
2903140_086,5.9595,65.8233,2025-04-01,91,29.85,,30.165,30.166,30.168,30.169,29.159,28.756,24.611,21.374,18.861,14.289,12.323,10.794,9.815,7.367
2903137_086,8.9926,51.6111,2025-03-31,90,28.52,,28.863,28.725,28.625,27.904,27.247,24.064,20.598,19.406,18.248,16.205,13.079,11.732,10.216,7.716
2902203_332,16.976,64.683,2025-03-31,90,28.2,,,,28.282,28.13,27.287,23.872,21.268,19.787,18.444,16.888,14.769,12.635,11.184,9.031
3902669_004,19.6667,64.65,2025-03-31,90,27.64,,27.421,27.421,27.106,26.042,24.542,24.135,23.915,21.361,20.41,18.924,15.104,12.879,11.294,9.011
5907082_057,18.3167,86.5833,2025-03-31,90,28.77,,29.143,28.971,28.872,28.626,27.782,27.485,25.822,23.681,22.018,16.924,12.202,10.709,9.61,7.524
6903140_327,23.9458,63.0503,2025-03-31,90,25.88,,25.541,25.489,25.425,25.032,23.985,23.854,23.605,23.268,21.56,19.629,16.846,13.41,11.873,9.294
6903141_327,24.3049,59.4617,2025-03-31,90,25.8,,25.098,25.052,24.811,24.026,23.865,23.877,23.721,23.702,23.324,21.582,21.935,14.091,11.879,9.327
6903138_331,10.1774,55.5915,2025-03-31,90,28.09,,28.496,28.422,28.114,28.009,26.012,25.083,23.222,20.159,17.809,15.219,12.842,11.33,10.889,8.33
4903839_006,24.6747,59.4194,2025-04-13,103,28.44,,28.467,27.078,25.584,24.758,24.219,23.727,23.637,23.514,22.775,21.534,18.658,13.739,11.863,9.214
2903891_058,12.9333,89.8167,2025-04-13,103,28.76,,29.62,29.627,29.624,29.537,28.739,27.648,24.574,21.478,18.824,15.073,12.084,10.121,8.619,6.723
4903776_058,10.3167,88.5,2025-04-13,103,29.12,,29.342,29.161,29.023,28.817,28.638,28.268,24.96,20.0,16.809,13.511,11.476,9.79,8.215,6.666
7901126_058,11.3833,90.3,2025-04-13,103,29.07,,29.506,29.254,29.231,29.218,28.64,28.108,24.312,20.161,17.083,13.11,11.27,9.785,8.423,6.723
5907141_006,25.0909,59.3099,2025-04-13,103,28.27,,27.957,27.467,26.294,25.111,24.227,23.681,23.344,23.06,22.999,20.496,17.858,13.237,,
2903434_037,9.9408,84.7774,2025-04-12,102,29.52,,29.62,29.631,29.558,29.08,28.609,27.727,22.608,19.962,17.807,15.554,12.136,9.952,8.55,6.553
2902766_195,14.993,87.026,2025-04-12,102,29.12,,29.332,29.07,29.05,28.92,27.839,27.598,24.233,20.885,18.339,14.602,11.81,10.12,8.663,6.71
6903141_333,23.1186,59.4372,2025-04-12,102,28.68,,28.824,26.688,25.411,24.768,24.106,23.868,23.715,23.49,22.651,21.411,18.798,13.539,11.503,9.113
6903138_337,10.2822,56.406,2025-04-12,102,29.61,,29.701,29.484,29.046,27.794,26.113,25.083,21.484,20.057,18.363,15.624,13.315,11.671,11.503,7.928
6903140_333,22.5685,63.0963,2025-04-12,102,28.52,,27.918,27.921,26.085,25.019,24.04,23.972,23.781,23.547,22.457,20.156,17.556,13.588,11.652,9.499
7901125_058,13.5333,90.2833,2025-04-12,102,28.66,,28.767,28.751,28.789,28.803,28.346,27.34,24.89,21.702,18.185,14.247,11.662,9.988,8.574,6.805
5907084_056,19.6833,64.55,2025-04-12,102,28.83,,28.52,28.481,28.399,28.273,27.441,25.977,24.711,23.792,21.871,18.486,15.906,13.073,11.549,9.223
1902672_056,17.75,70.4667,2025-04-12,102,29.63,,29.941,29.639,29.543,29.373,29.045,27.933,25.408,23.251,20.91,16.704,13.951,12.488,11.198,8.606
7901128_056,17.8667,67.4167,2025-04-12,102,29.54,,29.477,29.458,29.301,29.249,28.775,27.387,25.919,22.777,20.514,17.759,15.037,12.693,11.272,8.773
6990610_056,20.7667,62.35,2025-04-12,102,28.67,,28.201,28.199,27.038,25.597,24.879,24.44,24.274,23.163,20.866,19.227,16.273,13.479,11.62,9.065
4903839_005,24.4002,59.0068,2025-04-12,102,28.42,,27.932,27.131,25.478,24.673,23.896,23.616,23.564,23.05,21.755,20.954,17.962,13.389,11.513,9.238
2902272_218,18.9244,59.8478,2025-04-12,102,28.36,,28.145,28.124,27.053,25.774,24.051,23.889,23.451,21.719,20.352,18.922,15.109,12.892,11.391,8.931
2903955_004,24.2067,58.8663,2025-04-12,102,28.39,,27.283,26.282,25.554,24.624,23.929,23.253,23.681,23.477,22.166,21.227,18.525,13.642,11.381,9.328
6903139_337,11.4485,47.3785,2025-04-12,102,27.98,,27.973,27.973,27.855,27.498,26.12,25.282,24.762,23.755,22.485,17.166,15.966,13.93,13.597,
2902306_035,20.5883,62.7902,2025-04-12,102,28.72,,,28.12,28.05,25.464,24.229,24.031,23.726,23.429,21.616,18.984,16.392,13.111,11.503,9.103
2903138_087,6.9074,67.4612,2025-04-11,101,30.2,,30.545,30.549,30.55,30.476,29.358,29.058,25.326,19.232,17.286,15.046,12.704,10.951,9.366,7.296
2902768_189,13.638,84.547,2025-04-11,101,29.72,,29.918,29.923,29.932,29.867,29.271,28.935,28.771,27.633,24.703,17.775,13.316,10.502,9.018,7.089
2902770_188,11.864,90.222,2025-04-11,101,28.82,,28.987,28.982,28.993,29.034,28.716,28.126,24.124,20.37,17.554,13.978,11.555,9.85,8.525,6.692
2902772_188,14.716,85.104,2025-04-11,101,29.72,,30.192,30.221,30.192,30.183,29.8,29.116,27.489,23.478,21.868,16.822,12.613,10.432,8.797,7.085
6990715_004,9.4667,68.0333,2025-04-11,101,29.89,,30.315,30.248,30.179,29.793,28.933,27.929,26.865,23.953,21.921,17.054,13.646,11.432,9.753,8.094
5907141_005,24.9492,59.219,2025-04-11,101,28.14,,27.708,27.231,26.835,25.193,24.216,23.476,22.981,21.987,21.432,21.549,17.066,13.338,11.414,8.982
4903775_058,13.8167,90.9,2025-04-11,101,28.65,,28.909,28.918,28.924,28.843,28.188,27.221,23.481,20.75,18.39,14.796,11.782,9.844,8.436,6.711
5907083_058,11.6333,85.9333,2025-04-11,101,29.54,,29.759,29.753,29.57,29.07,27.344,24.115,21.27,19.634,17.841,14.505,11.819,9.928,8.472,6.524
1902669_058,14.9333,86.5,2025-04-11,101,29.01,,29.58,29.38,29.378,29.361,28.947,27.246,23.611,20.876,18.398,15.154,12.139,10.263,8.784,6.895
1902671_056,17.1333,69.7833,2025-04-11,101,29.53,,29.504,29.501,29.309,28.976,28.46,26.068,22.402,20.433,18.74,16.627,14.174,12.556,11.029,8.902
1901897_252,17.9665,61.0807,2025-04-11,101,28.62,,,,,26.972,24.267,24.3,23.809,22.253,20.954,18.549,15.607,12.814,11.325,9.287
2903140_087,6.122,66.2108,2025-04-11,101,30.05,,30.556,30.402,30.385,30.41,29.352,27.911,25.934,22.478,18.851,14.895,12.362,10.83,9.868,7.332
4903660_092,16.1211,59.6458,2025-04-11,101,28.81,,28.421,28.358,28.05,27.427,25.25,24.633,24.215,23.66,21.665,19.434,15.37,13.095,11.705,9.459
6990514_092,17.9575,64.9307,2025-04-11,101,29.01,,28.573,28.505,28.229,27.675,25.217,24.505,24.054,21.428,19.401,17.658,14.811,12.52,11.05,9.152
2903137_087,8.9409,54.05,2025-04-10,100,29.88,,29.597,29.074,28.636,28.324,27.05,24.932,23.803,20.784,18.629,15.894,13.248,11.97,10.529,8.171
1902190_254,5.2394,49.6951,2025-04-10,100,29.95,,30.182,30.135,30.069,30.053,29.124,28.221,26.56,25.414,22.285,17.068,11.528,10.22,9.787,7.905
6903138_336,10.2019,56.2626,2025-04-10,100,29.49,,29.126,28.861,28.607,28.407,26.525,25.8,24.768,21.261,19.267,15.609,12.819,11.23,11.03,8.216
6903141_332,23.2113,59.493,2025-04-10,100,28.34,,27.654,26.833,25.098,24.075,23.757,23.499,23.279,23.579,22.565,20.851,18.674,13.588,11.595,9.224
6903140_332,22.7337,63.1799,2025-04-10,100,28.11,,27.796,27.602,26.899,24.975,24.073,23.916,23.285,22.852,21.722,20.314,17.945,13.481,12.015,9.446
5907082_058,17.8333,86.4,2025-04-10,100,29.29,,29.503,29.342,29.519,29.349,27.996,27.507,26.604,23.499,20.391,16.445,12.357,10.787,9.751,7.475
2902203_333,16.672,64.634,2025-04-10,100,29.06,,28.688,28.439,28.457,27.683,26.859,24.928,24.01,20.124,19.086,16.201,14.439,12.42,11.117,8.934
3902669_005,19.6667,64.6167,2025-04-10,100,28.85,,28.396,28.317,28.212,28.14,27.09,24.923,24.174,23.005,20.886,18.786,15.545,13.022,11.399,9.043
4903839_004,23.9254,59.0242,2025-04-10,100,28.09,,26.518,25.77,24.985,24.391,23.768,23.902,23.739,23.705,23.098,21.24,19.462,14.084,11.704,9.213
6903139_336,11.381,47.4075,2025-04-10,100,27.98,,27.64,27.63,27.226,26.751,25.385,25.194,24.791,23.434,21.082,17.401,14.477,14.382,13.435,10.157
2903955_003,23.8386,58.9408,2025-04-10,100,28.14,,27.403,27.349,26.084,25.223,24.085,23.613,23.531,22.912,21.648,20.822,17.889,13.719,11.522,9.112
5907141_004,24.6892,59.1312,2025-04-09,99,27.94,,27.059,26.117,24.496,24.027,23.738,23.603,23.504,22.769,21.905,19.638,17.942,13.348,11.493,8.688
7902287_004,8.7167,68.2667,2025-04-09,99,30.28,,30.695,30.688,29.811,29.028,28.44,28.2,28.265,26.917,21.981,17.075,13.604,10.837,10.052,8.093
2903989_006,16.2333,87.6333,2025-04-09,99,28.91,,29.069,29.075,29.074,29.024,28.314,27.619,27.062,24.36,21.278,17.29,12.43,10.218,8.738,6.78
5907085_054,8.65,69.4167,2025-04-09,99,30.32,,30.684,30.603,30.338,29.625,29.094,28.81,28.645,26.226,20.582,16.254,13.159,11.064,9.86,7.362
2902201_333,19.287,58.826,2025-04-09,99,28.46,,,,27.764,26.382,24.604,24.363,23.343,21.908,20.529,18.914,16.108,13.127,11.347,8.988
6990716_004,10.3833,67.8,2025-04-08,98,29.7,,29.842,29.645,29.457,29.268,28.213,27.152,26.577,25.024,21.424,17.97,13.716,11.735,10.606,8.382
6903141_331,23.3444,59.6432,2025-04-08,98,28.05,,27.724,27.066,25.724,25.131,24.609,23.909,23.563,23.614,23.001,21.197,19.029,13.691,11.804,9.381
6903138_335,10.1491,56.1088,2025-04-08,98,29.07,,29.163,28.917,28.18,27.418,26.339,25.582,24.888,21.414,19.438,16.053,13.093,11.22,11.121,8.468
6903140_331,22.9987,63.2927,2025-04-08,98,28.04,,27.682,27.324,26.347,25.293,24.175,23.865,23.697,23.241,22.608,20.489,17.73,13.719,11.842,9.327
7902251_010,10.7667,86.0833,2025-04-08,98,29.72,,29.731,29.734,29.757,29.661,28.947,28.215,24.581,21.376,18.685,15.207,12.046,10.028,8.501,6.557
1902673_054,11.1,69.2667,2025-04-08,98,30.16,,30.023,29.965,29.853,29.525,28.664,26.435,26.327,23.163,21.534,17.415,14.097,11.82,10.738,8.633
7902249_010,10.4,84.0667,2025-04-08,98,29.89,,30.167,30.146,29.995,29.614,28.836,28.832,27.685,23.718,20.323,15.877,12.17,10.08,8.507,6.588
2903145_051,8.8818,54.8735,2025-04-08,98,29.56,,29.662,29.613,29.589,29.575,27.749,25.974,24.847,20.398,17.764,15.357,12.723,11.232,10.185,8.54
2902775_230,8.004,88.988,2025-04-08,98,29.66,,29.483,29.501,29.496,29.417,29.056,28.525,24.82,21.312,18.42,14.309,11.956,9.922,8.449,6.535
4903839_003,23.7587,59.442,2025-04-08,98,27.64,,26.91,24.858,23.935,23.774,23.724,23.629,23.763,23.882,23.722,21.908,21.514,14.345,11.93,9.384
5907141_003,24.3516,58.7915,2025-04-08,98,27.7,,26.708,24.968,24.528,24.056,23.718,23.741,23.633,23.111,21.787,21.0,17.715,13.251,11.371,9.026
2903955_002,23.6737,59.4012,2025-04-08,98,27.64,,26.637,25.37,24.262,23.868,23.743,23.669,23.398,23.697,23.274,21.84,21.563,14.045,12.029,9.459
2903149_051,13.2129,63.0161,2025-04-07,97,28.97,,29.084,29.085,28.901,28.646,27.644,24.227,21.111,18.964,17.49,15.464,13.363,11.597,10.759,8.544
6903139_335,11.3421,47.4495,2025-04-07,97,26.62,,27.43,27.41,25.603,25.318,25.16,25.043,24.385,23.646,19.616,17.444,14.872,14.658,,
7902190_035,15.9029,82.7855,2025-04-07,97,30.03,,29.84,30.094,29.679,29.042,27.839,27.982,23.462,20.253,18.401,14.573,11.836,10.007,8.669,6.7
1901898_251,13.0894,48.892,2025-04-07,97,26.71,,,,,25.856,24.592,24.143,23.442,21.389,20.375,17.596,15.308,14.772,14.973,11.606
4903794_018,7.4096,88.2932,2025-04-07,97,29.57,,29.737,29.744,29.746,29.675,29.539,28.302,25.775,21.857,18.469,15.057,11.828,10.127,8.597,6.689
7901016_060,12.4703,56.3873,2025-04-07,97,28.44,,28.133,28.007,27.963,27.629,25.974,25.575,24.953,21.862,20.209,17.075,13.833,12.152,11.386,8.808
5907179_004,12.1,68.0,2025-04-07,97,29.95,,30.079,30.081,29.762,29.112,28.066,25.561,23.033,21.091,19.166,16.179,13.343,11.723,10.703,8.587
7902248_010,9.4833,86.9167,2025-04-07,97,29.92,,29.913,29.902,29.871,29.823,29.573,28.449,26.665,21.537,19.017,15.859,12.36,10.169,8.65,6.769
6990612_054,11.1667,69.0167,2025-04-07,97,30.09,,30.183,29.984,29.705,29.289,28.496,26.981,25.671,23.19,20.986,17.079,13.815,11.814,10.72,8.585
1902756_003,14.3464,52.7935,2025-04-07,97,28.52,,28.016,27.798,27.805,27.623,25.854,23.266,21.452,20.203,18.907,16.879,14.457,13.081,12.688,9.785
2903147_051,14.1796,58.9417,2025-04-07,97,28.78,,28.551,28.545,28.266,27.996,25.987,24.393,24.218,23.244,20.474,17.757,14.947,12.728,10.942,9.053
1902289_025,5.8373,68.1212,2025-04-07,97,30.5,,30.566,30.429,29.782,29.118,28.488,24.908,21.259,19.686,16.596,14.485,12.264,10.996,9.877,7.29
6903139_341,11.676,47.7055,2025-04-20,110,28.67,,28.602,28.576,27.529,27.315,25.916,24.742,23.565,21.122,18.923,16.677,14.749,13.999,13.19,10.257
1902373_002,14.1049,89.309,2025-04-20,110,29.86,,30.452,29.983,29.418,29.218,28.983,28.425,25.846,22.898,19.028,14.909,11.741,10.002,8.524,6.582
2903829_005,8.915,87.4883,2025-04-20,110,29.92,,30.417,30.276,29.714,29.692,28.729,28.257,24.392,21.307,19.181,14.999,11.985,9.923,8.429,6.645
6903141_337,22.6504,59.7205,2025-04-20,110,28.31,,27.73,25.961,25.277,24.793,23.869,23.46,23.27,22.967,21.67,21.249,19.173,13.205,11.239,8.753
2902203_334,16.275,64.569,2025-04-20,110,29.58,,29.287,29.239,29.186,29.043,27.163,25.131,23.281,20.661,18.75,16.554,14.6,12.396,11.146,8.673
1902660_001D,20.2186,59.3889,2025-04-20,110,28.06,,28.279,27.934,27.574,26.983,24.579,24.032,23.741,23.528,21.025,19.527,17.179,13.276,11.471,
4903839_009,23.8612,59.6834,2025-04-20,110,27.86,,27.134,27.125,26.718,24.773,24.01,23.614,23.519,23.652,23.233,21.318,18.784,13.869,11.719,9.136
5907082_059,17.8833,85.9667,2025-04-20,110,28.9,,29.604,29.58,29.45,29.082,27.72,26.941,26.866,25.526,20.998,15.985,12.265,10.584,9.253,7.358
2903955_008,24.4366,60.0313,2025-04-20,110,27.8,,27.287,27.026,25.762,25.023,24.068,23.613,23.631,23.546,23.115,20.899,18.88,13.887,12.108,9.487
1902373_001,14.088,89.3025,2025-04-20,110,29.86,,30.052,29.912,29.337,29.223,28.669,28.393,26.537,21.733,20.113,14.967,11.601,9.874,8.418,
6990514_093,17.5604,65.0301,2025-04-20,110,29.56,,29.106,29.092,28.955,28.437,25.081,24.272,24.019,22.394,20.048,18.117,15.066,12.813,11.098,8.886
4903660_093,16.0812,59.869,2025-04-20,110,29.44,,28.912,28.868,28.82,27.487,25.41,24.915,24.373,23.255,22.107,18.452,15.978,13.079,11.82,9.378
3902669_006,19.65,64.4833,2025-04-20,110,29.02,,29.107,29.098,29.082,29.0,27.701,25.532,23.42,22.533,20.75,18.472,15.191,12.96,11.542,9.128
1902373_000,14.0767,89.308,2025-04-20,110,29.86,,30.001,29.805,29.358,29.192,28.698,28.399,27.033,21.891,20.278,15.316,,,,
2903829_004,8.8971,87.4796,2025-04-19,109,29.82,,30.131,30.122,30.079,30.05,29.303,28.217,26.061,20.484,17.176,14.126,11.745,9.966,8.683,6.704
5907141_009,25.1349,60.1286,2025-04-19,109,27.65,,27.009,26.971,25.942,24.67,23.733,23.666,23.666,23.224,22.148,20.721,16.166,,,
2903989_007,16.1,87.4333,2025-04-19,109,29.3,,29.811,29.784,29.453,29.131,28.162,27.635,27.311,24.536,21.436,16.779,12.555,9.766,8.481,6.732
5907085_055,8.7167,69.4833,2025-04-19,109,30.42,,30.576,30.532,30.368,29.964,28.938,27.938,27.417,23.612,19.062,15.556,12.749,11.245,9.718,7.321
2902201_334,19.116,58.979,2025-04-19,109,28.18,,27.92,27.895,27.663,27.62,25.111,24.275,24.114,23.317,21.222,18.714,15.997,13.12,11.388,9.001
7902287_005,8.9167,68.4333,2025-04-19,109,30.26,,30.409,30.384,30.335,30.266,29.442,28.187,25.984,22.468,20.441,16.452,13.073,11.144,9.888,7.828
6903140_336,22.3099,63.3145,2025-04-19,109,27.98,,28.001,28.002,28.002,27.899,26.026,24.333,23.691,23.153,21.756,19.997,17.023,13.568,11.627,9.137
6903138_340,10.6028,56.6173,2025-04-19,109,30.47,,29.906,29.757,29.036,28.39,25.964,25.157,23.541,19.518,17.46,15.487,13.594,12.001,11.277,7.783
2903829_003,8.8932,87.5043,2025-04-18,108,29.88,,29.955,29.781,29.347,29.16,28.868,27.657,24.589,20.418,18.612,14.495,11.994,9.887,8.507,6.688
6903139_340,11.7269,47.8053,2025-04-18,108,28.41,,28.765,28.768,27.836,27.576,25.685,24.833,23.491,21.067,19.15,16.996,14.813,14.0,13.169,10.226
2903145_052,8.9847,54.6166,2025-04-18,108,30.08,,29.949,29.78,29.468,28.781,26.593,23.553,22.069,19.752,17.684,14.415,12.591,11.16,9.901,8.465
2903142_088,13.4663,62.9338,2025-04-18,108,29.65,,29.584,29.369,29.321,29.128,27.578,25.085,23.18,20.138,18.61,15.452,13.222,11.838,10.774,9.015
7902249_011,10.4333,83.8833,2025-04-18,108,30.22,,30.467,30.372,30.121,29.817,29.144,28.128,24.032,20.606,18.567,14.932,12.25,10.067,8.434,6.402
7902251_011,11.1,86.4333,2025-04-18,108,30.2,30.391,30.392,30.101,29.929,29.779,29.437,28.047,23.727,19.642,16.941,13.964,11.95,10.013,8.503,6.634
1902673_055,11.2,69.2,2025-04-18,108,30.19,,30.115,30.084,30.031,29.653,28.533,26.585,25.214,22.424,20.031,16.502,13.581,11.674,10.457,8.286
4903839_008,24.1918,59.9664,2025-04-18,108,28.21,,28.136,27.919,25.908,25.301,23.972,23.772,23.74,23.622,23.314,21.653,19.562,13.979,11.771,9.071
6903141_336,22.7783,59.5311,2025-04-18,108,28.79,,26.977,25.369,24.637,24.191,24.031,23.786,23.641,23.544,22.32,21.145,18.555,13.273,11.414,8.933
6990716_005,10.4,67.8333,2025-04-18,108,29.86,,30.018,29.968,29.765,29.363,28.001,27.581,26.81,25.031,21.303,17.749,13.529,11.596,10.551,8.284
2903149_052,12.7156,63.2802,2025-04-18,108,29.6,,29.396,29.384,29.339,28.983,27.517,25.099,21.597,19.871,17.217,15.7,13.405,11.587,10.738,8.594
2902775_231,8.282,89.066,2025-04-18,108,29.65,,29.545,29.489,29.328,29.241,28.609,27.767,23.656,20.147,17.593,13.896,11.624,9.738,8.238,6.569
2903829_002,8.9116,87.4891,2025-04-18,108,29.88,,29.901,29.9,29.362,29.22,28.738,28.289,25.097,21.122,18.021,14.858,11.857,10.088,8.429,6.67
2903955_007,24.7435,59.8451,2025-04-17,107,28.7,,28.162,28.153,26.057,25.172,24.383,23.518,23.611,23.42,22.699,21.362,18.73,13.857,11.936,8.846
1901898_252,13.0018,48.6224,2025-04-17,107,28.22,,,,,27.639,25.725,24.597,23.648,21.238,19.246,17.023,14.942,14.211,13.667,11.381
7902190_036,15.6628,82.3977,2025-04-17,107,29.55,,30.051,30.07,30.161,30.107,28.621,25.973,21.818,18.921,16.673,13.87,11.583,9.913,8.509,6.692
2903829_001,8.9108,87.4891,2025-04-17,107,29.88,,30.042,29.886,29.325,29.247,28.628,28.266,24.215,20.937,18.249,14.647,12.048,10.002,8.519,6.67
7902248_011,9.85,86.8333,2025-04-17,107,29.98,,30.265,29.94,29.706,29.607,29.451,29.172,24.95,21.536,18.888,15.198,12.094,10.036,8.56,6.809
6990612_055,11.35,68.9833,2025-04-17,107,29.94,,30.212,30.004,29.953,29.629,28.475,27.32,25.419,21.717,20.18,16.81,13.469,11.599,10.57,8.408
5907141_008,25.1675,59.7568,2025-04-17,107,28.57,,28.697,26.458,25.407,24.772,23.938,23.732,23.645,23.091,22.998,21.056,16.232,,,
4903794_019,7.5885,88.315,2025-04-17,107,29.81,,30.328,30.002,29.645,29.496,29.052,27.269,24.142,19.956,17.069,14.132,11.81,10.182,8.571,6.54
7901016_061,12.8244,56.2989,2025-04-17,107,29.87,,29.322,29.211,28.434,28.075,26.44,25.12,24.131,22.693,20.623,16.725,14.06,12.093,11.733,9.015
2903147_052,14.1781,59.1515,2025-04-17,107,29.92,,29.491,29.37,29.016,28.697,26.539,24.816,24.008,21.652,19.507,17.262,14.868,12.594,11.284,9.033
5907179_005,11.8333,67.7833,2025-04-17,107,29.81,,29.917,29.849,29.826,29.348,27.816,26.279,24.46,21.097,18.828,15.779,13.112,11.7,10.928,8.651
1902756_004,13.979,53.2784,2025-04-17,107,29.79,,29.203,29.171,28.821,28.181,26.228,24.171,23.247,20.633,18.881,17.377,14.448,12.787,11.435,10.363
1902289_026,6.0948,68.435,2025-04-16,106,30.27,,30.311,30.305,30.321,30.2,29.362,27.304,24.789,21.292,17.781,14.537,11.982,10.806,9.309,7.355
6903138_339,10.4993,56.5855,2025-04-16,106,30.06,,29.748,29.755,29.691,28.992,27.887,25.737,23.703,19.79,17.628,15.774,13.303,11.854,10.572,7.898
6903140_335,22.3113,63.2091,2025-04-16,106,28.47,,27.853,27.853,27.884,27.837,25.707,24.202,23.841,22.937,22.201,20.013,16.702,13.19,11.397,9.21
6903139_339,11.7154,47.6394,2025-04-16,106,28.47,,29.09,28.317,27.957,27.587,26.73,25.554,24.241,21.992,19.108,17.103,14.626,13.827,13.137,10.322
1902681_037,10.9282,83.0649,2025-04-16,106,30.18,,30.354,30.475,30.432,30.331,30.118,28.995,25.944,22.034,19.296,16.167,12.107,10.072,8.481,6.555
2903988_009,13.55,85.9167,2025-04-16,106,29.89,,30.357,29.914,29.731,29.555,28.343,25.796,21.649,20.451,18.721,15.852,12.183,10.133,8.682,6.827
2903895_045,9.6667,62.7833,2025-04-16,106,30.17,,30.527,30.399,30.184,29.639,28.986,28.204,26.133,23.173,20.93,16.101,13.099,11.486,10.446,8.208
3902573_045,8.3333,65.8333,2025-04-16,106,30.1,,30.786,30.732,30.552,30.416,29.469,28.885,26.915,24.186,20.545,16.637,13.317,11.105,9.988,7.77
6903141_335,22.9008,59.437,2025-04-16,106,29.45,,28.348,26.352,25.137,24.509,24.037,23.531,23.67,22.958,21.653,21.15,18.549,13.369,11.294,8.878
7901136_069,14.7956,69.2934,2025-04-16,106,29.92,,30.087,30.025,29.776,29.75,29.474,28.607,27.04,23.048,20.345,17.164,14.262,12.176,11.204,8.84
4903839_007,24.5498,59.8724,2025-04-16,106,29.38,,28.812,26.559,25.212,24.408,23.823,23.773,23.739,23.595,23.308,21.537,19.709,14.084,11.853,9.309
2902765_190,9.707,84.869,2025-04-16,106,30.06,,30.307,30.254,29.917,29.766,29.173,27.341,21.897,19.143,17.216,15.002,11.83,10.029,8.609,6.578
2903955_006,24.7688,59.433,2025-04-15,105,29.14,,28.965,27.595,25.702,24.941,24.359,23.838,23.685,23.55,22.955,21.185,19.006,13.691,11.7,9.167
1902458_068,12.242,67.3107,2025-04-15,105,29.88,,29.757,29.762,29.759,29.628,28.421,26.813,23.195,20.746,18.045,15.748,13.268,11.931,10.631,8.711
2903892_058,13.5,84.3667,2025-04-15,105,29.84,,30.252,30.192,30.028,29.854,29.407,28.921,28.731,25.058,22.153,17.611,12.96,10.625,9.139,7.042
6990608_072,8.6667,88.9333,2025-04-15,105,29.66,,29.658,29.543,29.392,29.247,28.821,27.964,23.854,19.512,17.084,14.059,11.771,9.733,8.417,6.575
4903869_005,15.0667,87.6167,2025-04-15,105,29.11,,29.193,29.144,29.198,29.14,28.511,27.454,25.436,21.914,19.112,14.986,11.872,9.963,8.582,6.558
5907171_006,13.6333,88.1667,2025-04-15,105,29.4,,29.927,29.697,29.463,29.289,28.404,26.93,23.425,20.846,18.816,15.103,11.715,9.849,8.237,6.416
4903777_045,6.6667,64.2167,2025-04-15,105,30.1,,30.746,30.611,30.505,30.218,29.273,27.887,25.154,22.956,19.818,15.805,12.923,10.989,9.597,7.386
4903783_045,6.5011,67.6817,2025-04-15,105,30.18,,30.765,30.676,30.608,30.415,29.253,27.263,22.53,18.993,17.014,14.118,12.281,10.804,9.245,6.952
5907092_067,14.4725,63.8091,2025-04-15,105,29.19,,29.465,29.204,28.71,28.101,26.241,25.139,24.602,22.965,18.531,16.521,13.953,12.276,10.97,8.78
5907141_007,25.1419,59.4393,2025-04-15,105,28.7,,28.415,28.244,27.252,26.198,24.963,24.31,23.558,23.374,22.717,21.838,17.241,,,
5907180_005,15.9833,69.2833,2025-04-15,105,29.48,,29.593,29.436,29.362,29.088,27.698,24.771,21.88,20.965,20.488,18.479,15.016,12.228,11.117,8.783
6903138_338,10.3844,56.5154,2025-04-14,104,29.79,,29.735,29.619,28.377,27.967,26.443,25.253,23.535,20.564,18.934,15.594,13.755,11.726,11.321,7.874
6903140_334,22.4182,63.0923,2025-04-14,104,28.4,,27.88,27.877,27.807,25.549,23.888,23.98,23.887,23.281,22.614,20.005,17.289,13.512,11.582,9.362
1902457_069,6.0929,68.5458,2025-04-14,104,30.11,,30.537,30.539,30.543,30.524,29.033,27.452,23.168,19.086,17.27,14.622,12.213,10.739,9.572,7.373
6990609_058,10.75,89.9167,2025-04-14,104,29.59,,29.74,29.399,29.326,29.285,28.806,28.378,25.558,21.486,18.316,14.118,11.439,9.78,8.312,6.666
6903139_338,11.5186,47.4527,2025-04-14,104,28.34,,28.615,28.421,27.748,27.645,26.269,25.0,24.433,23.545,19.263,16.927,15.712,14.265,13.428,10.47
6990705_005,6.8833,89.1,2025-04-14,104,29.66,,29.556,29.521,29.346,29.287,28.705,26.769,21.648,18.167,15.942,13.746,11.756,9.906,8.47,6.699
6990611_056,21.6167,67.05,2025-04-14,104,28.58,,28.163,28.159,26.851,25.37,24.177,23.965,23.789,23.035,21.135,18.95,16.235,13.213,11.299,8.875
7901127_058,9.4,91.5167,2025-04-14,104,29.52,,29.589,29.509,29.425,29.613,29.773,28.718,24.769,20.781,18.266,14.111,11.83,10.226,8.294,6.742
6903141_334,23.0213,59.4128,2025-04-14,104,28.71,,28.153,26.968,25.144,24.92,23.913,23.599,23.529,23.199,22.381,20.966,18.674,13.467,11.443,8.986
2903955_005,24.5643,59.0754,2025-04-14,104,28.7,,28.577,26.511,25.577,24.53,24.3,23.598,23.523,23.29,22.434,20.94,18.392,13.56,11.417,9.265
6903059_478,19.8859,61.3606,2025-04-14,104,28.5,,28.157,28.149,28.141,28.131,25.092,24.318,24.235,23.775,21.237,18.968,15.744,13.18,11.436,9.227
7902200_026,5.9544,65.8763,2025-04-14,104,30.05,,30.386,30.379,30.325,29.672,28.552,26.506,24.36,21.256,18.869,15.464,11.777,10.854,9.832,7.496
1902594_073,10.144,86.2696,2025-04-14,104,29.68,,29.87,29.715,29.54,29.645,29.259,28.134,24.131,20.32,17.741,14.643,11.954,10.167,8.575,6.69
2903956_005,22.5626,60.5483,2025-04-27,117,28.56,,28.607,28.266,27.113,25.638,24.177,23.773,23.316,21.98,21.015,19.154,17.43,13.538,11.742,
2903831_014,16.585,89.5008,2025-04-27,117,30.06,,30.162,30.043,30.198,30.216,30.079,28.176,27.146,23.651,19.901,15.842,12.199,10.13,8.596,6.645
1901898_253,12.7354,48.3166,2025-04-27,117,28.41,,,,,25.238,24.191,23.918,23.12,21.869,20.559,17.451,15.592,14.755,14.129,11.226
2903147_053,14.4772,59.645,2025-04-27,117,30.1,,29.991,29.932,28.973,28.336,25.507,24.319,23.301,21.053,19.143,17.223,14.314,12.51,11.158,9.377
7902190_037,15.4881,82.1579,2025-04-27,117,30.0,,30.386,30.361,29.755,29.025,28.092,26.172,23.053,20.806,17.785,14.601,11.716,9.977,8.598,6.754
1902660_011,20.6956,59.5293,2025-04-27,117,28.26,,28.879,28.81,28.742,28.419,24.419,24.122,23.626,22.495,20.615,19.221,16.835,13.027,11.462,8.915
6990700_003,23.5329,59.1858,2025-04-27,117,30.12,,29.436,28.901,27.535,25.183,23.914,23.417,23.256,22.086,21.076,19.433,16.591,13.276,11.379,9.066
7902248_012,10.2333,86.7167,2025-04-27,117,30.59,,30.87,30.754,30.304,29.994,29.712,28.0,25.148,21.453,18.588,14.735,11.74,10.017,8.679,6.777
6990612_056,11.5,68.8,2025-04-27,117,30.22,,30.411,30.514,30.08,29.568,28.79,26.727,24.954,21.948,19.481,16.184,13.627,11.679,10.538,8.175
6903140_340,22.3034,63.1592,2025-04-27,117,29.11,,29.251,29.106,28.686,26.254,24.434,23.887,23.519,22.835,21.529,19.025,16.887,13.294,11.293,9.469
6903139_344,12.4106,47.5597,2025-04-27,117,28.45,,29.21,29.144,29.077,28.454,25.49,24.277,23.743,22.626,19.688,16.956,14.523,14.234,13.24,10.49
6903138_344,10.9326,56.6745,2025-04-27,117,30.96,,30.428,30.306,30.267,28.443,26.121,25.209,24.22,19.715,17.84,15.864,13.604,11.853,11.334,8.362
6903141_340,22.6823,60.2192,2025-04-27,117,28.81,,27.926,27.43,24.747,24.553,24.45,24.151,22.982,21.825,20.79,19.244,16.629,13.171,11.175,8.775
2903831_013,16.5715,89.523,2025-04-27,117,30.06,,30.217,30.168,30.28,30.324,29.648,27.787,26.917,24.104,20.208,15.826,12.136,10.154,8.639,6.676
4903794_020,7.5873,88.3852,2025-04-27,117,30.42,,30.589,30.538,30.261,29.751,29.026,27.391,22.361,19.193,16.042,13.298,11.421,9.652,8.245,6.501
7901016_062,13.3101,55.92,2025-04-27,117,30.23,,29.619,29.602,29.485,28.564,27.358,26.046,25.397,24.201,21.602,17.729,14.828,12.649,11.809,9.168
5907179_006,11.6167,67.4833,2025-04-27,117,30.06,,30.141,30.095,29.804,29.296,27.694,27.062,25.262,22.759,19.391,15.694,12.994,11.469,10.729,8.487
1902756_005,14.0586,53.6858,2025-04-27,117,30.58,,29.742,29.427,28.389,27.261,24.666,23.501,21.979,20.543,18.842,17.319,15.353,12.632,11.184,9.549
2903831_012,16.5683,89.5545,2025-04-27,117,30.06,,30.153,30.153,30.252,30.208,29.083,27.896,28.153,24.623,22.491,17.742,12.586,10.324,8.816,6.674
1902289_027,6.1393,68.838,2025-04-26,116,30.56,,30.919,30.917,30.777,29.96,29.155,28.267,23.034,20.201,17.663,14.825,12.388,10.733,9.634,7.217
1902757_003,21.9318,60.2818,2025-04-26,116,28.68,,28.62,28.619,28.332,25.645,24.112,23.812,23.686,23.645,22.94,19.797,,,,
2903956_004,22.3439,60.3751,2025-04-26,116,28.58,,28.687,28.666,27.278,26.791,24.49,23.865,23.437,22.831,21.272,19.259,16.814,13.508,11.772,
4903839_012,24.0282,58.8177,2025-04-26,116,29.17,,28.818,28.386,26.977,25.403,24.163,23.669,23.643,23.599,22.635,20.933,18.945,13.614,11.54,9.114
2903955_011,23.7969,59.2379,2025-04-26,116,29.22,,28.645,28.267,27.196,25.482,24.08,23.667,23.611,23.571,22.991,21.237,18.172,13.728,11.643,9.195
1902751_008,19.9359,59.9782,2025-04-26,116,29.1,,29.447,29.195,28.624,27.778,25.061,24.306,24.17,22.471,20.811,19.023,16.187,12.975,11.479,9.042
2903988_010,13.35,85.7167,2025-04-26,116,30.56,,30.773,30.533,29.889,29.636,28.211,27.8,24.785,21.553,18.259,14.455,11.812,9.892,8.513,6.534
2903895_046,9.4167,62.1333,2025-04-26,116,30.17,,30.732,30.63,30.557,30.333,29.475,28.33,26.26,23.106,20.028,16.187,13.008,11.684,10.662,8.283
3902573_046,8.3667,65.95,2025-04-26,116,30.37,,30.765,30.63,30.613,30.521,29.89,28.477,26.803,23.547,20.485,16.244,13.23,11.103,9.796,7.791
7901136_070,14.6447,69.2649,2025-04-26,116,30.14,,30.208,30.142,30.025,29.669,28.833,27.821,26.152,21.279,20.5,16.879,14.353,12.695,11.071,8.68
1902681_038,10.954,82.6768,2025-04-26,116,30.66,,31.113,31.024,30.433,30.367,28.946,28.788,26.642,23.234,19.618,17.507,12.409,10.079,8.596,6.71
2902765_191,10.067,85.126,2025-04-26,116,30.67,,30.926,30.829,30.16,29.778,29.224,27.63,22.051,19.574,18.049,15.04,12.21,10.024,8.541,6.612
2903831_011,16.5477,89.6029,2025-04-26,116,29.66,,30.123,30.103,30.153,29.841,28.674,28.11,28.019,24.853,21.749,16.765,12.37,10.326,8.765,6.781
5907141_012,25.0226,60.2861,2025-04-26,116,28.25,,27.8,27.727,26.104,24.986,24.145,23.652,23.588,23.429,22.406,21.217,16.141,13.006,,
1902458_069,12.0389,67.2484,2025-04-25,115,29.93,,30.148,30.154,29.92,29.629,27.872,26.788,25.194,21.39,18.954,16.038,13.137,11.828,10.592,8.665
3902657_003,20.9437,60.9266,2025-04-25,115,29.2,,29.215,29.215,29.086,28.191,24.715,23.703,22.236,21.079,20.593,19.41,,,,
2903956_003,22.1298,60.188,2025-04-25,115,28.5,,28.729,28.714,27.368,26.75,24.546,23.944,23.575,23.116,21.639,19.143,16.483,13.333,11.503,9.471
1902734_002,19.5695,61.0778,2025-04-25,115,29.3,,29.215,29.181,28.634,26.813,24.459,23.876,23.206,21.736,20.314,18.855,15.471,13.149,11.51,9.19
1902660_010,20.5853,59.4662,2025-04-25,115,28.61,,27.913,27.785,27.051,25.339,24.613,24.207,23.948,22.393,20.974,19.471,17.275,13.228,11.256,
6990700_002,23.6292,59.372,2025-04-25,115,28.89,,28.648,27.84,25.821,24.847,24.359,23.912,23.738,23.428,22.507,21.581,17.554,13.535,11.471,
2903892_059,13.2333,84.5,2025-04-25,115,30.58,,31.02,30.904,30.647,30.459,29.91,28.812,27.46,24.569,21.749,17.327,13.046,10.555,8.983,6.998
5907171_007,13.4667,88.0,2025-04-25,115,30.7,,31.33,30.973,30.628,30.13,29.197,28.434,25.555,21.69,19.442,15.709,11.918,9.984,8.372,6.405
6990608_073,8.7333,89.1,2025-04-25,115,30.39,,30.651,30.544,29.933,29.548,28.895,27.434,22.219,18.489,16.286,13.914,11.617,9.756,8.377,6.728
4903869_006,15.0,87.7833,2025-04-25,115,29.95,,30.338,30.213,29.675,29.128,28.711,28.033,24.77,21.132,18.714,14.291,11.77,9.899,8.414,6.497
4903777_046,6.75,64.45,2025-04-25,115,30.57,,31.093,31.059,30.834,30.228,28.824,27.395,23.466,19.532,18.446,15.014,12.563,10.877,9.298,7.317
4903783_046,6.5953,67.6679,2025-04-25,115,30.65,,30.904,30.876,30.707,30.106,28.924,25.901,22.684,20.201,17.927,14.946,12.287,10.745,8.913,6.998
5907092_068,14.0945,63.552,2025-04-25,115,29.79,,29.81,29.768,29.256,28.462,25.837,24.634,23.763,20.147,19.161,16.543,13.487,12.023,10.927,8.712
1902660_010D,20.5476,59.4496,2025-04-25,115,28.61,,28.16,27.78,27.41,25.353,24.509,24.086,23.861,22.716,20.749,19.51,17.271,13.247,11.327,
1902660_009,20.5476,59.4496,2025-04-25,115,28.61,,27.806,27.74,27.232,24.937,24.363,24.045,23.661,22.136,20.67,19.477,17.303,13.211,11.309,
6903139_343,12.0832,47.5671,2025-04-25,115,28.28,,28.969,28.936,28.688,26.807,25.936,24.543,24.013,22.16,20.001,16.699,14.713,14.163,13.243,10.394
6903138_343,10.8245,56.6263,2025-04-25,115,30.38,,30.164,29.956,29.052,27.306,25.659,25.18,22.631,19.4,17.64,15.729,13.46,12.02,11.535,8.464
6903140_339,22.3187,63.247,2025-04-25,115,28.86,,28.883,28.844,28.383,26.318,24.015,23.54,23.18,22.171,21.08,19.168,16.727,13.382,11.505,9.241
6990700_002D,23.667,59.4547,2025-04-25,115,28.97,,28.758,27.603,25.467,24.703,24.261,23.907,23.486,23.383,22.465,21.453,17.658,13.59,11.482,
6990700_001,23.667,59.4547,2025-04-25,115,28.97,,28.379,27.799,25.822,24.691,24.238,23.874,23.594,23.284,22.864,21.348,17.982,13.743,11.481,
5907180_006,15.7333,69.4333,2025-04-25,115,29.98,,29.794,29.812,29.724,29.637,29.247,26.694,25.01,23.884,20.804,17.279,14.571,12.192,11.203,8.815
2903831_010,16.5278,89.642,2025-04-25,115,29.59,,30.196,30.168,30.216,29.806,28.326,28.353,26.849,23.386,20.835,16.823,12.194,10.204,8.625,6.708
1902757_001,21.6125,60.1601,2025-04-24,114,28.76,,28.588,28.563,27.702,25.392,24.258,23.751,23.731,23.566,22.296,19.817,,,,
2903956_002,21.9146,60.0654,2025-04-24,114,28.13,,28.602,28.546,27.552,26.952,24.363,23.908,23.616,22.616,20.975,19.17,16.798,13.315,11.533,
6903141_339,22.6135,60.0537,2025-04-24,114,28.62,,27.575,27.499,24.876,24.156,23.476,23.187,22.491,21.711,20.811,19.795,17.056,13.175,11.333,8.565
1902457_070,6.1711,68.9792,2025-04-24,114,30.69,,30.831,30.83,30.535,30.014,29.119,28.705,22.999,20.839,17.357,14.6,12.624,10.722,9.672,7.296
1902660_009D,20.5081,59.4247,2025-04-24,114,28.73,,28.234,28.242,27.324,25.436,24.473,24.061,23.828,22.054,20.605,19.52,17.058,13.227,11.342,
1902751_007,19.9178,60.0433,2025-04-24,114,29.1,,29.038,28.899,28.578,28.424,24.779,24.139,23.591,22.699,20.88,19.181,16.253,13.071,11.443,
1902660_008,20.5081,59.4247,2025-04-24,114,28.73,,28.273,28.192,27.046,25.076,24.291,24.036,23.502,21.81,20.267,19.457,16.978,13.253,11.369,
1902373_006,14.1687,89.3444,2025-04-24,114,30.56,,31.023,30.335,29.757,29.513,29.199,28.557,26.045,22.174,19.024,14.855,11.784,9.966,8.505,6.643
4903839_011,23.7944,58.9996,2025-04-24,114,28.72,,28.02,27.477,26.24,25.235,24.685,24.021,23.675,23.032,21.704,21.057,18.528,13.475,11.356,8.839
6990700_001D,23.7069,59.5479,2025-04-24,114,28.76,,28.61,27.778,26.225,25.13,24.246,23.747,23.613,23.567,23.11,21.389,17.664,13.559,11.4,
2903955_010,23.9166,59.6521,2025-04-24,114,28.56,,28.427,28.282,28.0,25.321,24.502,23.772,23.597,23.471,22.766,21.364,19.05,13.842,11.704,9.13
6990609_059,10.6833,89.8333,2025-04-24,114,30.54,,30.228,30.147,29.959,29.637,28.582,27.34,23.945,20.58,17.745,14.228,11.962,9.949,8.424,6.624
7901127_059,9.25,91.3833,2025-04-24,114,29.99,,30.057,29.779,29.554,29.314,28.824,27.668,24.275,20.187,16.987,13.864,11.708,9.778,8.386,6.738
6990705_006,6.8,89.1,2025-04-24,114,29.84,,30.197,30.021,29.809,29.412,28.716,26.848,21.189,17.605,15.499,13.937,11.795,9.983,8.63,6.829
6990611_057,21.6,66.8667,2025-04-24,114,28.71,,28.739,28.543,28.292,27.324,25.043,24.204,23.913,23.723,22.786,19.793,16.717,13.278,11.419,8.965
1902660_008D,20.4619,59.4084,2025-04-24,114,28.73,,28.111,27.784,26.946,25.387,24.682,24.148,23.777,22.443,20.55,19.47,17.064,13.205,11.394,
1902751_007D,19.8968,60.0678,2025-04-24,114,29.1,,29.11,28.869,28.67,28.023,24.857,24.177,23.77,21.62,20.264,18.912,15.985,12.977,11.388,
1902660_007,20.4619,59.4084,2025-04-24,114,28.73,,27.835,27.776,27.184,25.019,24.396,24.047,23.49,21.927,20.341,19.475,17.016,13.224,11.392,
1902751_006,19.8968,60.0678,2025-04-24,114,29.1,,28.877,28.815,28.553,26.482,24.586,24.168,23.812,22.78,21.03,19.17,16.154,13.061,11.416,
2903831_009,16.5097,89.6799,2025-04-24,114,29.63,,30.491,30.443,30.414,29.795,28.609,28.56,27.377,23.333,21.001,15.832,12.167,10.177,8.633,6.675
7902200_027,6.2197,65.9248,2025-04-24,114,30.89,,30.988,30.964,30.765,29.658,29.209,27.211,21.904,18.373,16.621,14.08,11.819,10.727,9.419,7.442
6903059_479,20.2521,61.5924,2025-04-23,113,29.01,,28.991,28.991,28.54,28.418,24.88,24.272,24.032,23.023,20.835,18.765,16.099,13.292,11.605,9.422
3902657_001,21.0838,61.0825,2025-04-23,113,29.29,,28.981,28.981,28.4,26.496,24.299,23.518,22.339,21.081,20.354,19.192,,,,
2903956_001,21.6799,59.9874,2025-04-23,113,28.42,,28.515,28.456,27.436,25.104,24.413,23.961,23.721,22.517,21.112,19.274,17.067,13.414,11.586,9.297
5907141_011,25.1368,60.1324,2025-04-23,113,27.62,,27.798,27.753,27.031,25.208,23.85,23.678,23.614,23.218,22.582,21.148,16.818,,,
1902594_074,10.557,86.1425,2025-04-23,113,30.84,,30.967,30.442,29.922,29.462,28.106,26.486,23.39,20.313,17.789,14.86,12.096,10.163,8.761,6.781
1902751_006D,19.883,60.0925,2025-04-23,113,29.21,,29.033,29.012,28.614,28.455,24.736,24.258,23.809,21.49,20.366,18.768,16.222,13.067,11.486,
1902660_007D,20.4162,59.388,2025-04-23,113,29.05,27.281,28.224,27.625,25.561,24.768,24.392,23.917,23.58,21.823,20.466,19.441,17.113,13.364,11.332,
1902373_005,14.1478,89.3242,2025-04-23,113,30.65,,31.008,30.499,29.684,29.374,28.868,28.255,25.552,22.39,18.912,14.639,11.745,10.02,8.538,6.542
1902751_005,19.883,60.0925,2025-04-23,113,29.21,,29.058,28.801,28.564,27.501,24.633,24.238,23.818,22.425,21.098,19.133,16.319,13.095,11.315,
1902660_006,20.4162,59.388,2025-04-23,113,29.05,,28.096,27.41,25.743,24.71,24.351,24.015,23.728,22.102,20.487,19.473,16.777,13.122,11.293,
2903829_008,8.8969,87.4928,2025-04-23,113,30.45,,30.794,30.457,30.076,29.605,28.799,28.122,22.836,20.41,17.564,13.953,11.696,9.887,8.422,6.748
2903891_059,12.9333,89.8167,2025-04-23,113,30.94,,30.89,30.309,29.726,29.515,29.104,28.496,25.775,21.989,19.585,15.001,12.068,10.055,8.528,6.789
7901126_059,11.5,90.5333,2025-04-23,113,30.6,,30.52,30.251,29.689,29.524,28.785,27.467,25.131,20.258,17.786,13.83,11.546,9.89,8.631,6.894
4903776_059,10.35,88.5333,2025-04-23,113,30.66,,30.656,30.341,29.564,29.185,28.536,26.914,23.062,20.055,16.638,13.632,11.438,9.667,8.241,6.647
1902751_005D,19.8655,60.1142,2025-04-23,113,29.2,,29.034,28.866,28.615,28.267,24.724,24.195,23.877,22.407,20.813,18.888,15.926,13.084,11.447,
2903434_038,10.1694,84.8457,2025-04-23,113,30.79,,30.667,30.62,30.208,29.726,28.128,25.465,21.402,18.752,17.317,14.991,11.753,9.918,8.488,6.491
2903831_008,16.5032,89.7146,2025-04-23,113,29.63,,30.295,30.242,30.121,29.529,28.97,28.497,27.329,24.245,21.143,15.968,12.129,10.247,8.674,6.631
1902751_004,19.8655,60.1142,2025-04-23,113,29.2,,28.88,28.832,28.553,28.388,24.726,24.25,23.898,22.0,20.319,18.781,16.069,13.159,11.334,
1902660_006D,20.3697,59.3748,2025-04-23,113,28.69,,28.203,27.941,27.015,24.897,24.57,24.291,23.77,22.703,20.511,19.442,16.852,13.27,11.443,
6903139_342,11.8419,47.5853,2025-04-23,113,28.3,,28.72,28.71,28.557,27.424,25.784,24.54,23.098,21.312,19.586,16.747,14.707,13.985,13.024,10.71
6903138_342,10.7655,56.6155,2025-04-23,113,30.13,,30.074,30.066,29.907,28.217,25.714,25.035,23.294,19.443,17.701,15.663,13.381,11.747,11.013,8.221
1902660_005,20.3697,59.3748,2025-04-23,113,28.69,,28.016,27.869,26.68,24.933,24.57,24.232,23.758,22.53,20.698,19.433,16.993,13.273,11.299,
6903140_338,22.3118,63.2908,2025-04-23,113,28.95,,28.539,28.447,27.646,25.7,24.115,23.772,23.492,22.612,21.477,19.417,16.394,13.373,11.573,9.198
1902734_001,19.4376,61.0336,2025-04-22,112,29.14,,28.995,28.953,28.654,26.527,24.522,24.004,22.352,20.81,20.043,18.696,15.852,13.01,11.441,9.133
2903956_001D,21.4844,59.9259,2025-04-22,112,28.82,,,28.223,27.835,27.0,24.462,23.913,23.712,23.017,21.422,19.421,17.139,13.361,11.508,9.243
1902751_004D,19.8511,60.1382,2025-04-22,112,29.11,,29.071,28.72,28.652,27.877,24.594,24.063,23.644,21.41,20.309,19.006,16.275,13.13,11.609,
2903829_007,8.9122,87.4811,2025-04-22,112,30.31,,30.332,30.053,29.562,29.389,28.773,27.706,24.263,20.44,17.665,14.425,11.687,9.989,8.442,6.693
1902373_004,14.1385,89.3292,2025-04-22,112,30.62,,30.483,29.887,29.592,29.452,28.746,28.164,25.093,22.299,19.504,15.545,12.067,10.054,8.591,6.694
1902660_005D,20.3253,59.3685,2025-04-22,112,28.79,27.672,28.019,27.783,26.821,25.227,24.511,24.064,23.809,22.632,20.817,19.356,16.765,13.358,11.311,
4903839_010,23.7291,59.2818,2025-04-22,112,28.41,,27.928,27.767,26.558,24.403,23.759,23.663,23.588,23.344,22.437,20.844,18.669,13.536,11.71,9.175
1902660_004,20.3253,59.3685,2025-04-22,112,28.79,,27.988,27.847,27.02,25.405,24.496,24.116,23.857,22.815,20.778,19.486,16.684,13.217,11.386,
2903955_009,24.1604,59.9703,2025-04-22,112,28.3,,28.17,27.963,27.108,25.492,24.172,23.657,23.601,23.64,23.608,21.188,19.668,14.078,11.928,9.046
7901125_059,13.8167,90.4667,2025-04-22,112,30.77,,30.291,29.648,29.065,28.941,28.174,27.351,24.072,21.333,18.749,14.643,11.946,10.056,8.634,6.845
6990610_057,21.2833,62.3833,2025-04-22,112,29.11,,28.77,28.564,27.968,26.621,25.072,24.303,23.744,22.283,21.214,19.116,16.842,13.372,11.505,9.183
1902672_057,17.7333,70.5167,2025-04-22,112,29.45,,29.863,29.806,29.655,29.621,29.296,28.113,25.696,22.593,20.181,17.093,13.879,12.647,11.027,8.638
5907084_057,19.6667,64.3667,2025-04-22,112,29.19,,29.641,29.584,29.368,29.126,27.503,25.338,24.546,24.153,20.922,18.226,15.15,13.001,11.335,9.127
7901128_057,17.8167,67.1667,2025-04-22,112,29.33,,29.51,29.241,28.931,28.715,27.673,27.166,24.958,22.174,20.518,17.469,14.897,12.747,11.242,8.868
6903141_338,22.6123,59.87,2025-04-22,112,28.52,,28.148,27.857,25.008,24.377,23.841,23.586,23.351,22.441,21.37,21.083,17.221,12.974,10.945,
2902766_196,14.635,87.225,2025-04-22,112,29.82,,30.342,30.109,29.374,28.989,28.13,27.937,26.428,22.247,19.186,14.942,11.858,10.022,8.47,6.436
2903831_007,16.4892,89.7632,2025-04-22,112,29.58,,30.201,30.046,29.423,29.241,28.273,28.005,27.29,24.085,22.109,16.888,12.338,10.278,8.714,6.682
1902751_003D,19.8344,60.1643,2025-04-22,112,29.11,31.638,29.027,28.625,28.578,28.514,25.381,24.119,23.414,21.373,20.143,18.902,16.034,13.178,11.566,
2902272_219,19.0752,59.9532,2025-04-22,112,29.02,,28.588,28.439,28.267,25.247,24.385,23.995,23.476,21.692,19.854,17.927,15.599,12.905,11.415,9.003
1902660_004D,20.2883,59.3638,2025-04-22,112,28.79,,28.058,28.006,27.16,25.994,24.578,24.108,23.844,22.879,20.703,19.534,16.994,13.165,11.486,
1902660_003,20.2883,59.3638,2025-04-22,112,28.79,,28.001,27.958,27.135,26.022,24.567,24.151,23.859,22.212,20.728,19.459,17.06,13.235,11.419,
2903138_088,7.0356,67.4364,2025-04-22,112,30.72,,30.723,30.713,30.597,30.311,29.648,28.096,25.131,20.366,17.064,14.754,12.66,10.759,9.12,7.206
2902306_036,20.8522,62.7338,2025-04-22,112,29.05,,28.733,28.552,28.399,28.125,24.759,24.299,24.221,23.956,21.239,19.309,16.559,13.469,11.619,9.352
2902768_190,13.541,84.594,2025-04-21,111,30.19,30.763,30.777,30.758,30.533,30.332,29.453,28.328,28.117,25.993,22.203,17.6,13.225,10.683,9.128,7.03
2902772_189,14.987,84.879,2025-04-21,111,29.92,,30.539,30.532,30.393,30.32,29.758,28.751,27.964,24.172,20.376,16.494,12.659,10.407,8.816,6.939
2902770_189,11.871,90.293,2025-04-21,111,30.37,,30.525,29.903,29.503,29.31,29.036,27.664,23.49,20.273,18.081,13.937,11.521,9.943,8.57,6.821
2903831_006,16.4783,89.7871,2025-04-21,111,29.52,,30.291,29.922,29.264,29.123,28.579,27.855,26.442,23.451,21.416,16.194,12.205,10.183,8.671,
1902373_003,14.127,89.3211,2025-04-21,111,30.09,,30.351,29.968,29.374,29.317,28.691,28.168,25.916,22.689,19.877,15.051,11.718,9.884,8.453,6.622
2903829_006,8.9044,87.4917,2025-04-21,111,30.16,,30.403,30.288,29.925,29.672,28.9,27.931,24.138,20.403,17.984,14.434,11.94,9.957,8.588,6.74
1902751_002D,19.8155,60.1917,2025-04-21,111,28.73,,28.771,28.741,28.542,28.074,24.605,24.21,23.599,21.613,20.226,18.883,16.22,13.176,11.592,
5907141_010,25.1293,60.2042,2025-04-21,111,27.42,,26.567,26.372,25.493,24.981,24.177,23.947,23.615,23.236,22.608,20.892,15.943,,,
2903140_088,6.6129,66.2171,2025-04-21,111,30.65,,30.923,30.851,30.782,30.253,29.371,27.396,22.568,19.518,16.655,14.1,12.097,10.854,9.38,7.316
1902734_001D,19.4073,60.9951,2025-04-21,111,29.01,,,28.698,28.621,27.589,24.522,23.93,21.786,20.866,19.354,18.53,15.507,13.039,11.419,9.121
1902660_003D,20.2603,59.3639,2025-04-21,111,28.16,,28.265,27.441,26.867,25.26,24.568,24.082,23.783,23.084,20.992,19.472,17.352,13.298,11.486,
1902660_002,20.2603,59.3639,2025-04-21,111,28.16,,28.044,27.41,27.126,25.719,24.66,24.254,23.788,22.86,20.799,19.399,16.606,13.248,11.479,
4903775_059,14.1333,91.1333,2025-04-21,111,30.26,,30.194,29.966,29.301,29.106,28.485,27.519,23.791,19.411,17.303,14.367,11.8,10.082,8.559,6.769
1902669_059,14.7167,86.3167,2025-04-21,111,29.61,,30.055,29.742,29.474,29.244,28.976,27.885,25.183,21.3,18.571,14.699,11.916,10.139,8.723,6.776
1902671_057,17.3667,69.45,2025-04-21,111,29.84,,29.997,29.959,29.812,29.374,28.265,27.445,23.792,20.964,19.546,17.399,14.581,12.545,11.099,8.908
1901897_253,17.7161,61.2712,2025-04-21,111,29.27,,,,,28.636,26.282,25.066,24.497,23.569,20.975,19.019,15.98,13.074,11.492,9.463
5907083_059,11.6,85.9333,2025-04-21,111,30.63,,30.54,30.377,30.172,29.98,29.333,26.689,22.295,19.194,17.285,14.59,11.623,9.638,8.294,6.531
6990715_005,9.5667,67.7333,2025-04-21,111,30.11,,30.279,30.243,30.156,29.871,29.127,27.501,26.916,25.953,21.917,16.681,13.353,11.248,9.905,8.051
2903831_000,16.4974,89.8442,2025-04-21,111,29.52,,29.932,29.858,29.314,29.154,28.686,27.47,26.674,23.827,20.959,16.195,,,,
1902751_001D,19.7922,60.2262,2025-04-21,111,28.73,,28.549,28.453,28.431,28.431,24.76,24.163,23.316,21.148,20.055,18.72,16.0,13.161,11.505,
2903137_088,9.5935,52.0297,2025-04-21,111,30.2,,29.858,29.857,29.856,29.235,28.429,25.13,23.589,19.976,18.623,15.589,13.243,11.526,10.308,7.356
1902660_002D,20.2358,59.3762,2025-04-21,111,28.59,,27.981,27.931,27.432,25.846,24.573,24.284,23.823,23.484,20.832,19.574,17.013,13.223,11.448,
1902660_001,20.2358,59.3762,2025-04-21,111,28.59,,27.926,27.899,27.249,26.278,24.614,24.174,23.787,22.31,20.886,19.522,16.853,13.25,11.532,
6903138_341,10.717,56.6297,2025-04-21,111,30.4,,30.081,30.073,28.952,27.942,26.733,25.165,23.174,19.925,19.142,15.739,13.48,12.019,11.198,7.941
6903140_337,22.3114,63.3004,2025-04-21,111,28.67,,28.138,28.138,27.945,26.189,24.28,23.854,23.775,23.266,22.448,19.818,16.578,13.381,11.479,9.212
2903956_012,23.8959,60.2884,2025-05-04,124,29.94,,29.28,28.123,26.107,24.403,24.043,23.718,23.202,21.813,20.844,19.319,17.126,13.219,11.213,8.875
1902734_005,20.0041,61.1768,2025-05-04,124,29.72,,29.492,29.495,29.496,29.251,25.329,24.481,24.029,22.133,20.629,18.227,15.711,13.263,11.453,9.057
2903955_015,24.6023,58.6592,2025-05-04,124,30.53,,30.393,30.354,26.793,25.312,24.222,23.783,23.553,23.595,23.331,21.598,18.213,13.682,11.497,9.166
1902373_007,14.4517,89.4461,2025-05-04,124,30.53,,30.867,30.691,30.15,29.629,29.451,27.818,25.322,21.792,18.926,14.799,11.902,10.079,8.467,6.626
6990609_060,10.7,89.6333,2025-05-04,124,30.08,,30.211,30.143,29.957,29.774,29.971,28.353,25.222,20.144,17.886,15.298,11.904,10.088,8.655,6.715
1902755_001D,13.9862,68.0287,2025-05-04,124,30.6,,,30.685,30.343,29.965,29.099,28.507,27.337,24.172,20.972,17.512,14.745,12.114,10.897,
5907167_001D,13.9862,68.0287,2025-05-04,124,30.6,,,30.685,30.343,29.965,29.099,28.507,27.337,24.172,20.972,17.512,14.745,12.114,10.897,
6990611_058,21.5333,66.6833,2025-05-04,124,28.83,,29.509,29.478,29.268,29.092,26.44,24.858,24.385,24.07,24.038,20.626,17.034,13.305,11.302,8.957
6990705_007,6.6833,89.15,2025-05-04,124,29.94,,30.523,30.467,30.016,29.75,28.418,23.898,20.139,17.898,15.244,13.97,11.879,9.983,8.744,6.907
7901127_060,8.6833,91.6,2025-05-04,124,30.14,,30.829,30.754,30.241,29.815,29.38,26.785,24.069,20.822,17.79,13.955,11.616,10.204,8.548,6.704
1902660_015,21.1498,59.6233,2025-05-04,124,27.12,,27.477,27.119,26.425,26.313,24.568,24.179,23.536,21.624,19.969,19.149,16.738,13.304,11.579,9.18
5907141_016,25.1636,60.0386,2025-05-04,124,29.5,,29.465,28.325,24.75,24.329,24.039,23.719,23.701,23.544,22.37,20.905,,,,
1902751_012,20.0377,59.7835,2025-05-04,124,29.32,,29.233,29.232,29.23,28.167,24.761,24.299,23.968,22.502,20.878,18.991,16.279,13.222,11.537,9.093
2903829_009,8.9543,87.4223,2025-05-04,124,30.11,,30.33,30.338,29.524,29.385,28.643,27.001,22.538,18.816,16.476,13.658,11.747,9.887,8.409,6.658
6990700_007,23.1569,59.1401,2025-05-04,124,30.46,,29.153,28.894,26.091,25.169,24.003,23.617,23.55,23.099,22.235,19.747,17.714,13.427,11.317,9.026
7902200_028,6.5251,66.0047,2025-05-03,123,30.83,,30.974,30.975,30.942,29.981,29.1,28.029,23.816,20.226,18.273,14.221,12.107,10.683,9.203,7.487
2903956_011,23.7823,60.4103,2025-05-03,123,29.5,,28.673,28.312,26.482,25.292,24.246,23.839,23.642,22.774,20.732,19.443,17.646,13.278,11.351,
1902757_010,22.2246,60.5888,2025-05-03,123,28.18,,28.173,28.173,28.169,27.582,24.494,23.961,23.737,23.198,21.807,19.719,16.633,13.384,11.751,9.906
6903059_480,20.4641,61.9607,2025-05-03,123,29.69,,29.712,29.707,29.629,28.524,24.845,24.291,24.037,23.053,21.151,19.029,15.478,13.38,11.57,9.426
6903139_347,13.08,47.6942,2025-05-03,123,28.53,,29.035,29.024,28.992,26.191,24.922,23.788,23.08,21.132,19.511,17.602,14.812,14.399,13.317,11.152
6903138_347,11.3925,56.7435,2025-05-03,123,30.68,,30.747,30.663,29.723,28.336,26.001,25.357,24.551,22.067,19.977,16.436,14.129,11.682,11.07,8.398
6903141_343,23.5201,60.5452,2025-05-03,123,29.01,,28.908,27.659,25.821,24.543,24.033,23.624,23.363,20.985,19.658,18.922,16.743,12.886,11.153,8.603
6903140_343,22.0505,62.5392,2025-05-03,123,29.06,,29.25,29.255,29.252,28.903,24.922,23.725,23.143,22.471,21.881,19.698,17.171,13.375,11.517,9.363
2903891_060,12.9333,89.8167,2025-05-03,123,30.28,,30.456,30.38,30.265,29.861,28.752,28.286,25.679,21.212,18.563,14.409,11.917,10.109,8.644,6.735
4903776_060,10.4167,88.4667,2025-05-03,123,30.03,,30.594,30.327,30.303,30.079,28.738,25.827,23.341,20.027,16.47,13.504,11.426,9.595,8.34,6.781
7901126_060,11.5167,90.8167,2025-05-03,123,30.1,,30.58,30.495,30.284,29.921,29.105,27.086,23.863,20.014,16.895,13.74,11.676,9.9,8.474,6.747
1902594_075,10.8466,86.1725,2025-05-03,123,30.33,,30.452,30.47,30.428,30.107,29.22,27.35,23.79,20.374,18.632,15.033,12.243,10.305,8.786,6.824
2903434_039,10.6267,84.8525,2025-05-03,123,30.28,,30.396,30.33,30.356,30.069,29.214,26.831,23.095,20.108,18.511,15.305,12.149,10.065,8.678,6.728
2903955_014,24.3274,58.6237,2025-05-03,123,30.61,,30.138,29.364,27.422,25.03,23.995,23.683,23.571,23.507,23.078,21.403,18.523,13.735,11.528,9.231
3902657_010,20.8276,60.8316,2025-05-02,122,29.33,,28.98,28.986,28.989,28.944,25.123,24.058,22.791,21.669,20.578,19.19,15.983,13.249,11.498,9.252
2903956_010,23.6347,60.51,2025-05-02,122,29.47,,28.125,28.115,26.172,24.515,24.152,23.839,23.275,21.846,20.426,19.253,17.095,13.26,11.617,9.099
4903839_015,24.7328,59.3121,2025-05-02,122,30.25,,30.181,28.965,28.09,25.232,24.283,23.805,23.696,23.524,23.085,21.147,20.122,13.417,11.616,9.16
1902660_014,21.0272,59.5965,2025-05-02,122,28.03,,27.929,27.929,27.859,25.774,24.517,24.189,23.37,21.179,20.123,19.145,16.637,13.17,11.427,9.329
6990700_006,23.2675,59.0723,2025-05-02,122,30.62,,29.587,27.85,25.355,24.395,23.699,23.595,23.214,22.246,21.132,19.585,17.342,13.449,11.308,9.2
7901125_060,13.9833,90.55,2025-05-02,122,30.15,,29.907,29.556,29.635,29.444,28.968,28.445,25.633,20.823,18.011,14.474,11.846,9.969,8.582,6.836
7901128_058,17.7167,66.9333,2025-05-02,122,30.32,,30.168,30.054,29.741,29.698,29.19,26.826,25.863,23.695,21.42,17.893,14.926,12.677,11.351,8.981
6990610_058,21.5167,62.75,2025-05-02,122,29.14,,29.108,29.11,29.082,28.524,25.541,23.88,23.774,23.453,23.166,18.925,16.859,13.514,11.515,9.229
5907084_058,19.65,64.2167,2025-05-02,122,29.88,,30.146,30.101,29.71,29.507,29.115,27.269,25.162,24.226,23.766,19.825,15.43,13.023,11.495,9.117
1902672_058,17.4333,70.75,2025-05-02,122,30.19,,30.265,30.227,30.115,29.829,28.431,26.987,24.886,22.907,20.427,17.284,14.182,12.467,11.097,8.532
2903138_089,6.9731,67.4842,2025-05-02,122,30.87,,31.185,31.132,31.004,30.794,29.399,27.31,23.163,20.868,17.695,14.782,12.525,10.73,8.846,7.261
2902272_220,19.3438,60.1336,2025-05-02,122,29.77,,29.509,29.475,29.462,28.278,24.647,23.868,23.185,21.396,20.241,18.018,15.588,12.755,11.4,9.003
1902751_011,20.0016,59.8188,2025-05-02,122,29.46,,29.325,29.277,29.261,28.489,24.731,24.273,24.053,22.337,20.977,19.0,16.005,13.293,11.522,9.127
5907141_015,25.1497,60.0872,2025-05-02,122,29.29,,29.208,28.931,25.148,24.442,24.083,23.794,23.683,23.399,22.068,20.94,,,,
2902766_197,14.516,87.447,2025-05-02,122,30.51,,30.776,30.745,30.02,29.145,28.424,27.566,25.334,21.591,18.701,14.218,11.6,9.836,8.361,6.4
2902770_190,11.912,90.354,2025-05-02,122,30.2,,30.507,30.502,30.13,29.634,29.119,28.039,24.397,20.465,16.912,13.653,11.541,9.909,8.636,6.816
2902772_190,15.451,84.616,2025-05-02,122,30.24,,31.021,30.983,30.895,30.785,29.918,28.689,27.404,22.762,19.945,15.977,12.557,10.393,8.837,7.031
2902768_191,13.36,84.384,2025-05-02,122,30.61,,30.949,30.965,30.893,30.737,30.003,28.93,25.86,22.041,20.055,16.515,12.439,10.39,8.933,6.924
3902657_009,20.8095,60.8382,2025-05-01,121,29.31,,28.957,28.963,28.969,27.939,25.587,24.031,22.655,21.514,20.335,19.061,,,,
2903140_089,7.0618,66.1346,2025-05-01,121,30.89,,31.217,30.86,30.895,30.692,29.045,26.488,24.301,20.33,17.634,14.332,12.295,10.81,9.403,7.295
2902306_037,20.9327,62.8802,2025-05-01,121,29.39,,29.262,29.269,29.237,28.408,24.983,24.601,24.004,22.611,20.768,19.104,16.649,13.3,11.564,9.209
2903956_009,23.4565,60.6147,2025-05-01,121,29.04,,27.643,27.634,26.677,24.711,24.384,24.051,23.674,22.701,20.616,19.311,17.194,13.352,11.54,9.22
1902734_004,19.8487,61.1553,2025-05-01,121,29.79,,29.509,29.515,29.506,28.916,25.402,24.08,23.746,22.411,20.751,18.797,16.207,13.424,11.732,9.312
1902669_060,14.4333,86.2333,2025-05-01,121,30.21,,30.55,30.41,29.864,29.46,28.886,27.791,25.588,22.46,19.579,15.017,11.814,9.908,8.425,6.607
4903775_060,14.2333,91.3167,2025-05-01,121,29.98,,30.258,30.112,29.699,29.118,28.093,26.769,22.537,19.36,16.701,13.702,11.672,9.828,8.402,6.734
5907083_060,11.7667,86.2,2025-05-01,121,30.31,,30.6,30.555,30.308,29.998,29.097,27.033,23.229,20.013,17.788,14.74,11.819,9.917,8.511,6.536
1902671_058,17.5667,69.15,2025-05-01,121,30.59,,30.242,30.152,29.995,29.425,27.423,25.004,23.881,20.935,19.461,16.18,14.116,12.496,10.941,8.71
6903140_342,22.2348,62.7442,2025-05-01,121,29.28,,29.071,29.079,28.964,28.355,25.843,23.928,23.682,23.02,21.9,19.491,16.654,13.126,11.528,9.176
6903138_346,11.257,56.738,2025-05-01,121,30.78,,30.603,30.34,29.574,28.623,26.034,25.379,24.428,20.592,17.574,16.106,13.829,11.614,11.053,8.191
6903141_342,23.1067,60.6804,2025-05-01,121,28.48,,28.644,27.514,25.525,24.715,24.234,23.868,23.569,21.836,20.641,19.435,17.092,13.246,11.345,8.873
1901897_254,17.4914,61.4191,2025-05-01,121,29.9,,,,,29.138,26.351,24.703,24.278,22.995,21.099,18.703,16.397,13.259,11.48,9.365
2903137_089,10.0161,52.7271,2025-05-01,121,30.56,,30.451,30.424,30.341,29.541,26.549,25.604,23.779,20.191,18.361,15.653,13.342,11.852,10.46,8.192
6903139_346,13.0036,47.6089,2025-05-01,121,28.47,,29.116,29.088,28.56,26.673,24.507,23.715,22.024,20.427,19.328,16.891,14.857,14.092,13.43,11.323
5907086_039,5.6468,87.7989,2025-05-01,121,30.02,,30.438,30.326,30.054,30.015,29.843,27.43,22.431,18.171,15.869,13.676,11.67,10.085,8.578,6.796
1902660_013,20.9257,59.5743,2025-05-01,121,28.02,,27.801,27.753,27.722,26.344,24.438,24.18,23.719,22.03,20.378,19.389,16.38,13.129,11.294,8.907
6990715_006,9.5833,67.55,2025-05-01,121,30.5,,30.671,30.662,30.393,29.784,28.604,27.254,26.395,22.701,20.936,17.067,13.42,10.865,9.773,8.059
6990700_005,23.3514,59.0736,2025-04-30,120,30.53,,30.031,29.604,27.994,25.786,24.191,23.546,23.09,21.688,21.0,19.553,17.197,13.25,11.321,9.089
1902757_007,22.3351,60.7209,2025-04-30,120,28.74,,28.506,28.504,28.105,25.965,24.223,23.906,23.71,23.528,21.981,19.512,,,,
2903956_008,23.2413,60.6966,2025-04-30,120,28.68,,27.595,27.587,26.875,25.57,24.497,24.107,23.658,22.455,21.037,19.678,17.639,13.607,11.657,
2903955_013,24.0059,58.7461,2025-04-30,120,30.06,,29.767,29.056,27.903,25.282,23.861,23.719,23.639,23.558,22.754,21.592,18.711,13.582,11.669,9.035
4903839_014,24.593,58.8459,2025-04-30,120,30.33,,29.324,28.273,26.702,25.194,23.992,23.8,23.684,23.584,23.171,21.173,19.639,13.992,11.736,9.305
5907082_060,18.45,85.6333,2025-04-30,120,29.83,,30.384,30.316,30.364,30.342,29.251,27.957,23.685,20.648,18.486,15.232,12.201,10.787,9.211,7.162
2902203_335,16.008,64.411,2025-04-30,120,30.39,,30.268,30.073,29.488,28.852,25.697,24.532,22.045,18.42,17.743,16.2,14.541,12.357,10.942,8.593
1902751_010,19.9736,59.8561,2025-04-30,120,29.46,,29.418,29.264,29.238,28.533,24.934,24.241,23.932,22.289,20.801,19.597,16.496,13.259,11.449,9.022
5907141_014,25.088,60.1669,2025-04-30,120,29.18,,28.661,28.52,25.299,24.402,23.812,23.667,23.564,23.157,21.79,20.581,16.901,13.288,,
3902669_007,19.6167,64.35,2025-04-30,120,29.93,29.636,29.64,29.63,29.346,29.005,27.855,25.981,24.409,23.829,23.193,20.059,15.616,13.183,11.471,9.167
2903956_007,22.9935,60.7191,2025-04-29,119,28.55,,28.315,28.3,27.201,25.465,24.354,23.924,23.628,22.891,21.499,19.6,17.587,13.591,11.638,
2903989_008,15.9833,87.0833,2025-04-29,119,29.97,,30.334,30.318,30.163,29.859,28.701,27.755,27.067,24.072,20.774,16.172,12.29,10.291,8.712,6.781
5907085_056,8.6333,69.6,2025-04-29,119,30.78,,30.486,30.445,30.129,29.548,28.111,26.888,24.369,21.528,18.415,15.084,12.433,11.194,9.598,7.282
1902660_012,20.775,59.5575,2025-04-29,119,28.48,,28.648,28.523,28.405,26.552,24.571,24.207,23.792,21.919,20.451,19.387,16.804,13.196,11.492,9.061
2902201_335,18.833,58.981,2025-04-29,119,29.35,,29.115,28.963,28.151,26.465,24.205,24.003,23.26,20.942,20.068,18.506,15.711,12.835,11.29,9.106
6990700_004,23.4392,59.1029,2025-04-29,119,30.51,,29.957,29.054,26.479,25.339,23.818,23.457,22.86,21.469,20.549,19.425,17.023,13.267,11.373,8.95
6903140_341,22.3005,62.9952,2025-04-29,119,29.24,,29.231,28.948,28.817,27.905,25.129,23.986,23.502,22.832,21.195,19.237,16.505,13.056,11.481,9.339
6903139_345,12.7516,47.5628,2025-04-29,119,28.37,,29.266,29.214,29.105,26.819,25.081,24.205,22.766,20.66,18.999,16.535,14.491,14.271,13.299,11.033
6903141_341,22.7923,60.3413,2025-04-29,119,28.59,,28.479,28.08,27.612,25.397,23.758,23.232,21.704,19.996,19.546,18.498,15.787,13.316,11.476,9.092
6903138_345,11.0882,56.7252,2025-04-29,119,31.01,,30.699,30.709,30.363,28.668,25.922,25.276,23.483,20.754,17.621,15.916,13.585,11.985,11.087,8.383
6990514_094,17.1856,64.9547,2025-04-29,119,30.15,,29.939,29.915,29.968,29.308,27.828,25.376,23.455,22.315,20.725,18.264,14.982,12.938,11.104,8.971
4903660_094,15.7227,59.7895,2025-04-29,119,30.2,,29.774,29.719,29.024,28.722,26.358,25.252,24.494,22.491,20.622,18.998,14.939,13.044,11.264,8.979
7902287_006,9.1333,68.5833,2025-04-29,119,30.61,,30.667,30.636,30.139,29.706,28.807,27.21,26.108,24.021,20.932,16.176,13.143,11.044,9.777,7.703
2903956_006,22.7678,60.6719,2025-04-28,118,28.67,,28.582,28.572,27.298,26.669,24.504,23.887,23.602,22.715,21.399,19.556,17.577,13.501,11.713,
4903839_013,24.3532,58.717,2025-04-28,118,29.75,,28.913,28.406,27.956,25.752,24.093,23.738,23.675,23.614,23.108,20.952,19.627,13.824,11.687,9.242
2903145_053,8.7792,54.0738,2025-04-28,118,30.24,,30.464,30.392,29.453,27.551,25.699,23.201,20.885,17.93,15.596,14.512,11.647,10.783,9.822,8.24
1902734_003,19.6976,61.1233,2025-04-28,118,29.61,,29.547,29.541,29.271,28.006,24.669,24.174,23.699,22.279,20.662,18.97,15.607,13.137,11.34,9.04
2903955_012,23.8256,58.9297,2025-04-28,118,30.08,,29.392,28.37,27.525,25.531,23.937,23.65,23.63,23.433,22.68,21.234,17.81,13.467,11.43,8.806
2903142_089,12.8504,63.3818,2025-04-28,118,30.16,,30.072,29.927,29.786,28.842,27.648,24.824,23.292,19.361,17.463,16.656,13.644,11.969,10.761,8.782
2903831_015,16.6133,89.4579,2025-04-28,118,30.24,,30.469,29.998,29.761,29.641,30.171,28.871,27.393,23.631,21.181,16.377,12.264,10.331,8.759,6.739
7902251_012,11.4167,87.0167,2025-04-28,118,30.55,,30.65,30.604,30.13,29.641,29.012,28.44,26.007,21.416,18.657,15.349,12.083,10.015,8.705,6.828
7902249_012,10.3333,83.8333,2025-04-28,118,30.57,,30.58,30.579,30.211,29.485,27.114,23.03,20.65,18.901,16.725,14.008,11.641,9.923,8.449,6.341
1902673_056,11.3667,69.0,2025-04-28,118,30.19,,30.711,30.56,30.338,30.051,29.184,26.58,24.711,21.172,19.465,16.285,13.591,11.76,10.501,8.285
2903149_053,12.1886,63.5208,2025-04-28,118,30.11,,30.354,30.255,29.93,29.803,28.202,25.799,23.388,20.015,18.489,15.581,13.244,11.909,10.763,8.551
1902751_009,19.9502,59.9153,2025-04-28,118,29.56,,29.627,29.424,28.934,27.963,24.762,24.164,23.895,21.502,20.56,18.926,16.08,13.164,11.521,9.148
2902775_232,8.384,89.267,2025-04-28,118,30.39,,30.483,30.207,29.754,29.315,28.554,25.349,20.52,17.979,15.626,13.418,11.422,9.856,8.463,6.562
6990716_006,10.35,67.95,2025-04-28,118,30.21,,30.403,30.393,30.006,29.506,28.273,27.469,26.206,24.528,21.267,17.037,13.47,11.592,10.422,8.243
5907141_013,25.0576,60.2175,2025-04-28,118,28.78,,28.336,27.765,26.718,24.591,24.002,23.744,23.568,23.346,22.527,21.0,16.479,13.073,11.389,
2903956_019,23.1809,59.4241,2025-05-11,131,30.3,,30.227,30.082,26.703,25.03,24.023,23.652,23.617,23.408,22.767,21.105,18.429,13.307,11.378,8.835
6903140_347,21.9795,62.7636,2025-05-11,131,29.54,,29.505,29.507,29.255,28.944,25.451,24.066,23.715,23.242,22.338,19.581,16.805,13.26,11.434,9.143
6903141_347,23.9013,60.0223,2025-05-11,131,30.34,,30.092,30.089,26.152,24.009,23.549,23.436,23.049,22.233,21.427,21.915,16.707,12.646,10.774,8.533
6903138_351,11.5417,57.0942,2025-05-11,131,30.57,,30.679,30.68,30.578,29.018,26.688,25.346,24.585,21.757,19.365,15.451,13.25,12.732,11.324,8.306
2902306_038,20.87,63.0639,2025-05-11,131,29.37,,29.493,29.495,29.321,28.905,25.852,24.061,23.742,23.11,20.891,18.64,16.52,13.452,11.632,9.334
6990700_013,22.586,59.7735,2025-05-11,131,29.86,,29.788,28.437,25.025,24.175,23.714,23.461,23.399,23.314,22.09,21.294,18.693,13.481,,
2903137_090,8.3532,51.9299,2025-05-11,131,29.54,,30.056,30.054,30.036,29.869,28.356,26.281,22.275,20.896,18.171,15.859,13.542,11.833,9.949,7.646
6903139_351,13.5565,48.1438,2025-05-11,131,30.11,,30.544,29.851,28.723,25.754,24.373,23.413,21.52,19.756,18.825,16.74,14.826,14.61,13.336,10.837
2902766_198,14.515,87.565,2025-05-11,131,31.1,31.434,31.442,31.359,30.833,30.446,28.759,28.017,25.686,21.326,18.699,14.596,11.677,9.987,8.422,6.495
4903775_061,14.2167,91.45,2025-05-11,131,30.42,,31.308,31.23,30.852,30.024,28.547,25.52,21.125,18.387,16.252,13.477,11.537,9.935,8.613,6.795
1902669_061,14.3167,86.2833,2025-05-11,131,31.23,,31.172,31.088,30.3,29.674,28.715,27.574,24.606,21.149,18.223,14.546,11.621,9.841,8.363,6.483
1902671_059,17.7167,68.95,2025-05-11,131,30.87,,30.486,30.368,30.357,30.148,28.831,27.184,24.733,23.841,21.004,18.365,15.279,12.212,10.883,8.817
5907083_061,11.6667,86.6167,2025-05-11,131,31.16,,30.951,30.616,30.156,29.705,28.838,27.696,24.813,20.709,18.07,14.521,11.971,10.128,8.645,6.668
1901897_255,17.3293,61.5723,2025-05-11,131,29.6,,,,,29.666,26.329,25.037,24.347,23.437,22.031,19.247,16.274,13.358,11.531,9.298
1902660_020,21.5123,59.7371,2025-05-11,131,28.26,,26.833,26.28,25.739,25.004,24.409,24.175,23.542,22.635,21.6,19.506,16.753,13.55,11.584,
1902751_016,20.1656,59.676,2025-05-11,131,28.87,,28.672,28.445,28.062,27.545,24.47,24.088,23.844,22.247,20.569,18.751,16.087,13.347,11.611,9.107
2903955_018,24.25,59.3342,2025-05-11,131,30.39,,30.175,29.74,27.379,24.895,23.843,23.787,23.593,23.605,22.976,21.457,18.805,13.737,11.685,9.019
6990715_007,9.6333,67.3667,2025-05-11,131,30.59,,30.955,30.951,30.834,30.423,29.166,27.241,26.375,22.673,20.621,16.562,13.186,11.531,10.068,7.878
3902657_018,21.3162,61.0271,2025-05-10,130,29.3,,29.192,29.139,28.728,28.641,25.206,24.14,23.644,22.168,20.735,19.243,,,,
4903839_019,24.6643,59.8628,2025-05-10,130,30.22,,30.264,29.503,27.79,25.199,24.004,23.664,23.553,23.097,22.437,20.58,17.905,13.145,11.248,8.664
2903956_018,23.364,59.4327,2025-05-10,130,30.36,,30.051,30.007,28.655,26.197,23.996,23.74,23.646,23.534,22.598,21.165,18.207,13.503,11.452,
1902734_007,20.3116,61.2031,2025-05-10,130,29.76,,29.692,29.694,29.698,29.528,25.448,24.277,24.139,22.216,20.512,18.127,15.479,13.252,11.403,9.18
6990700_012,22.6048,59.7231,2025-05-10,130,30.06,,30.827,29.055,26.689,24.801,23.767,23.413,23.105,23.047,22.079,20.797,18.975,13.539,,
5907082_061,18.6667,85.8167,2025-05-10,130,30.57,,30.554,30.552,30.486,30.282,28.786,25.245,22.464,19.671,17.227,13.858,11.696,10.043,8.955,6.965
2902203_336,15.714,64.43,2025-05-10,130,29.83,,30.474,30.448,30.282,29.555,26.567,24.474,21.638,20.857,19.624,16.349,14.62,12.479,10.973,8.671
5907141_019,25.1715,59.9216,2025-05-10,130,29.72,,30.219,30.094,28.148,25.551,24.591,23.953,23.543,23.225,22.799,21.596,18.148,,,
1902660_019,21.4959,59.7344,2025-05-10,130,28.17,,27.324,26.401,26.056,24.804,24.277,24.049,23.107,21.745,20.966,19.181,16.753,13.506,11.799,9.021
2903956_017,23.5091,59.5462,2025-05-09,129,30.26,,29.921,29.527,26.844,25.287,24.013,23.738,23.643,23.518,22.791,21.152,17.908,13.403,11.469,8.902
6903140_346,21.8163,62.7823,2025-05-09,129,29.11,,29.318,29.194,29.086,28.597,25.325,24.055,23.521,23.028,21.646,19.346,16.69,13.162,11.321,9.123
6903138_350,11.5504,56.9404,2025-05-09,129,30.47,,30.866,30.866,30.255,29.652,25.971,25.318,24.341,21.973,18.553,15.886,13.436,12.222,11.947,8.706
6903141_346,24.001,60.1853,2025-05-09,129,30.13,,29.853,28.96,25.122,24.425,23.741,23.575,23.214,22.098,21.328,21.055,16.422,12.812,11.078,8.734
3902669_008,19.5167,64.15,2025-05-09,129,29.41,,29.921,29.913,29.78,29.608,27.873,26.404,24.754,23.152,20.859,18.254,15.241,13.142,11.594,9.079
6903139_350,13.4816,47.871,2025-05-09,129,29.75,,30.262,29.659,29.435,25.962,24.369,23.793,22.414,20.642,19.619,16.563,15.054,14.112,13.307,10.744
1902751_015,20.1442,59.7075,2025-05-09,129,28.18,,27.965,27.829,27.77,27.726,24.755,24.191,23.801,23.073,21.04,19.064,16.445,13.417,11.605,9.202
2903989_009,15.9,86.7,2025-05-09,129,30.86,,30.771,30.694,30.62,30.441,29.426,28.15,27.54,23.302,20.484,15.554,12.094,10.295,8.735,6.771
5907085_057,8.6,69.7,2025-05-09,129,30.65,,31.104,30.87,30.811,30.347,29.324,27.615,24.256,21.504,18.153,14.942,12.544,11.071,9.576,7.274
2902201_336,18.806,59.041,2025-05-09,129,29.02,,29.458,29.278,29.232,29.217,25.305,23.596,22.186,21.192,19.813,18.308,15.875,12.958,11.237,8.787
6990700_011,22.6183,59.66,2025-05-09,129,29.73,,30.686,30.248,27.391,25.165,23.986,23.603,23.442,22.911,22.069,21.109,18.664,13.476,11.63,
4903839_018,24.5646,59.9717,2025-05-09,129,30.29,,30.34,29.566,27.73,26.125,24.09,23.448,22.999,22.392,22.395,20.822,17.392,12.958,11.191,8.686
2903145_054,9.2277,53.4431,2025-05-09,129,30.55,,30.671,30.668,30.651,30.026,26.971,24.22,21.877,19.621,16.632,14.632,12.884,10.793,9.907,7.858
2903142_090,12.6006,63.5945,2025-05-09,129,30.27,,30.456,30.457,30.45,29.808,28.726,25.875,23.505,20.762,18.717,15.661,13.222,11.716,10.586,8.531
2903955_017,24.6576,59.1515,2025-05-09,129,30.0,,30.051,29.431,26.46,24.669,23.916,23.718,23.576,23.648,23.325,21.491,20.215,14.061,11.861,9.354
7902287_007,9.1833,68.6833,2025-05-08,128,30.67,,30.791,30.792,30.488,29.847,28.025,26.706,24.854,21.604,19.42,15.894,12.85,11.317,9.673,7.71
2903956_016,23.6131,59.697,2025-05-08,128,30.03,,30.394,29.299,25.017,24.296,23.683,23.621,23.584,23.343,22.664,20.567,17.2,13.344,11.582,8.917
2903831_016,16.735,89.1668,2025-05-08,128,30.6,,30.869,30.871,30.135,29.431,28.3,27.83,26.055,24.01,22.863,17.53,12.768,10.469,8.931,6.951
1902660_018,21.4665,59.7252,2025-05-08,128,27.13,,27.168,26.528,25.698,24.653,24.277,24.081,23.206,21.37,20.555,19.4,16.293,13.405,11.628,9.216
2903149_054,11.8236,63.4093,2025-05-08,128,30.51,,30.645,30.655,29.824,29.171,26.107,23.731,20.459,19.009,18.268,15.536,13.548,11.923,10.663,8.342
7902249_013,10.4333,84.1,2025-05-08,128,30.78,,30.929,30.897,30.563,30.299,29.275,27.48,23.103,20.136,17.829,14.937,12.362,10.217,8.691,6.672
7902251_013,11.4333,87.55,2025-05-08,128,31.17,,31.074,31.001,30.557,30.004,28.58,28.372,26.333,21.95,19.072,14.58,11.821,9.991,8.577,6.7
1902673_057,11.6,68.7167,2025-05-08,128,30.92,,30.876,30.862,30.494,29.867,28.183,26.951,23.84,20.506,18.889,16.101,13.519,11.862,10.398,8.261
5907141_018,25.1545,59.9221,2025-05-08,128,29.57,,29.952,29.762,25.754,24.861,24.12,23.826,23.527,23.537,23.162,21.4,17.462,,,
6990514_095,16.8702,64.9883,2025-05-08,128,29.93,,30.246,30.245,30.233,30.227,27.931,24.554,23.159,21.583,19.834,17.949,15.093,12.616,10.885,8.847
4903660_095,15.4592,59.423,2025-05-08,128,29.87,,29.874,29.88,29.845,28.964,26.24,24.997,24.239,21.87,20.428,17.814,16.14,12.924,11.559,9.129
2902775_233,8.386,89.379,2025-05-08,128,29.67,,30.152,30.152,30.17,29.951,28.997,27.84,25.27,20.931,17.008,14.037,11.708,10.252,8.66,6.697
6990700_010,22.7075,59.5033,2025-05-08,128,30.28,,30.283,29.383,26.165,25.176,24.082,23.634,23.44,23.258,21.645,20.926,17.931,13.374,11.568,8.653
6990716_007,10.3333,68.1,2025-05-08,128,30.46,,30.575,30.58,30.338,29.804,28.153,26.396,25.76,23.577,20.83,16.522,13.034,11.361,10.155,8.098
2903147_054,14.5237,60.1564,2025-05-07,127,30.71,,30.677,30.678,30.681,29.308,26.351,23.8,21.518,20.146,19.03,17.324,14.018,12.428,11.037,9.134
1902757_014,22.3269,60.2521,2025-05-07,127,28.16,,27.33,27.146,27.065,26.63,24.332,23.87,23.48,22.281,20.568,19.018,,,,
3902657_015,21.0997,60.9685,2025-05-07,127,28.74,,28.6,28.601,28.584,28.513,24.881,24.11,23.53,22.122,20.754,19.012,,,,
2903956_015,23.7353,59.8136,2025-05-07,127,30.22,,30.372,29.067,25.41,24.753,24.267,23.564,23.571,23.116,22.407,19.466,18.019,13.278,11.49,
1902734_006,20.1701,61.1844,2025-05-07,127,29.19,,29.453,29.454,29.458,29.461,25.195,24.273,23.966,22.363,20.537,18.4,15.546,13.311,11.507,9.142
1902751_014,20.1118,59.7325,2025-05-07,127,28.51,,27.9,27.901,27.904,27.899,24.928,24.224,23.76,22.624,20.77,18.972,15.916,13.25,11.509,9.112
6903139_349,13.3261,47.7176,2025-05-07,127,29.57,,29.718,29.37,27.562,26.119,24.618,23.992,23.173,21.174,19.723,16.782,15.294,14.616,13.332,10.909
6903140_345,21.792,62.5876,2025-05-07,127,28.85,,29.241,29.167,28.951,28.935,25.422,23.554,22.836,21.769,21.085,19.11,16.368,13.128,11.392,9.158
1901898_254,12.7394,47.9362,2025-05-07,127,29.66,,,,,25.771,24.372,23.633,22.387,21.351,19.941,17.535,14.74,14.179,13.499,11.248
6903138_349,11.5183,56.8181,2025-05-07,127,30.94,,30.921,30.917,30.621,29.286,26.35,25.544,24.129,21.706,18.473,15.886,13.832,11.851,11.901,8.778
6903141_345,23.8904,60.2756,2025-05-07,127,29.9,,29.602,28.889,25.181,24.457,23.875,23.618,23.364,22.483,21.299,20.246,17.302,12.59,10.803,8.659
7902190_038,15.4601,81.7016,2025-05-07,127,30.23,,30.488,29.954,29.695,29.372,28.198,25.776,21.179,18.007,17.151,14.414,11.928,10.075,8.782,7.051
7902248_013,10.3833,86.5667,2025-05-07,127,31.43,,30.799,30.624,30.299,29.849,28.877,27.874,24.791,21.274,18.207,14.64,12.045,9.957,8.456,6.573
6990612_057,11.6333,68.5167,2025-05-07,127,30.8,,31.009,30.859,30.408,29.698,28.179,27.134,24.989,22.276,19.167,15.732,13.206,11.761,10.763,8.042
5907140_013,6.5167,82.05,2025-05-07,127,29.71,,30.177,30.167,29.666,29.1,28.605,27.503,23.12,20.235,18.523,14.846,12.029,9.915,8.738,7.172
4903839_017,24.455,59.9091,2025-05-07,127,30.11,,30.302,30.092,27.27,25.459,23.667,23.405,22.765,22.242,22.177,20.436,17.643,13.331,11.548,8.861
1902660_017,21.3691,59.698,2025-05-07,127,27.31,,26.223,25.89,25.791,24.767,24.287,24.105,22.476,21.042,19.991,19.242,16.485,13.198,11.546,9.235
4903794_021,7.6257,88.4245,2025-05-07,127,29.71,,30.22,30.224,30.324,29.63,28.932,27.604,22.661,19.443,16.242,13.791,11.575,9.829,8.467,6.545
7901016_063,13.9643,55.5943,2025-05-07,127,30.76,,30.516,30.515,30.493,29.295,26.945,25.804,24.953,23.671,21.824,17.521,14.29,12.607,12.085,9.397
5907179_007,11.3833,67.1,2025-05-07,127,30.54,,30.749,30.747,30.316,29.687,27.864,26.298,22.841,21.099,19.007,15.797,13.064,11.512,10.767,8.663
1902289_028,6.2015,69.0388,2025-05-06,126,30.45,,30.875,30.874,30.874,29.709,29.121,28.447,24.469,19.565,16.767,14.472,12.403,10.791,9.805,7.332
1902757_013,22.266,60.3179,2025-05-06,126,28.09,,26.982,26.984,26.972,26.942,24.378,23.884,23.247,21.963,20.644,18.931,,,,
2903956_014,23.872,59.9339,2025-05-06,126,30.07,,30.072,29.401,26.972,24.788,23.928,23.789,23.601,23.337,22.547,20.278,17.139,13.259,11.369,
2903955_016,24.7438,58.8741,2025-05-06,126,30.15,,30.335,29.053,27.352,25.358,23.992,23.763,23.667,23.631,23.41,21.626,18.435,13.7,11.676,9.164
1902756_006,14.4086,53.5455,2025-05-06,126,30.92,,30.312,30.309,29.346,28.462,25.635,23.926,22.428,21.067,19.496,16.973,14.524,12.564,12.661,10.112
6990700_009,22.8383,59.3832,2025-05-06,126,30.68,,29.691,29.19,26.127,24.87,23.78,23.612,23.483,22.828,21.512,21.453,17.157,13.32,11.326,
2903988_011,13.1333,85.6,2025-05-06,126,30.93,,31.305,31.056,30.849,30.589,29.867,27.377,24.138,20.95,18.175,14.344,11.684,9.812,8.383,6.404
2903895_047,8.9833,61.35,2025-05-06,126,30.68,,31.027,30.744,30.475,30.143,28.891,27.572,26.584,25.447,20.27,16.655,12.992,11.374,10.506,8.226
3902573_047,8.2,66.4,2025-05-06,126,30.73,,30.968,30.87,30.409,29.953,28.511,27.297,26.566,23.14,20.013,16.8,13.42,11.209,9.892,7.855
7901136_071,14.6341,69.4464,2025-05-06,126,30.43,,30.654,30.638,30.537,29.924,28.9,27.23,26.225,22.657,19.897,17.279,13.827,12.408,11.009,8.729
2902765_192,10.69,85.024,2025-05-06,126,30.63,,30.663,30.622,30.492,30.23,29.389,27.648,24.911,20.927,19.06,15.313,12.334,10.179,8.786,6.777
1902681_039,10.7886,82.4605,2025-05-06,126,30.5,,30.934,30.879,30.859,29.98,28.723,24.09,21.194,19.346,17.775,14.967,11.942,9.919,8.403,6.474
5907141_017,25.1442,60.0087,2025-05-06,126,29.41,,29.602,29.041,25.307,24.341,23.805,23.686,23.578,23.549,22.704,20.576,17.067,,,
1902458_070,11.814,67.0142,2025-05-06,126,30.58,,30.607,30.61,30.295,30.062,27.946,24.179,22.984,20.744,18.838,15.732,13.215,11.789,10.517,8.544
3902657_013,20.9404,60.9238,2025-05-05,125,28.99,,28.63,28.633,28.639,28.643,25.118,24.047,23.237,21.806,20.913,18.992,,,,
1902755_001,13.9781,68.0171,2025-05-05,125,30.51,,30.672,30.671,30.314,29.717,29.727,27.831,25.232,21.42,19.585,16.839,13.845,12.094,10.99,8.438
5907167_001,13.9781,68.0171,2025-05-05,125,30.51,,30.672,30.671,30.314,29.717,29.727,27.831,25.232,21.42,19.585,16.839,13.845,12.094,10.99,8.438
1902757_012,22.2246,60.4072,2025-05-05,125,28.09,,27.845,27.842,27.833,27.775,24.484,24.102,23.535,23.064,21.159,19.245,,,,
2903956_013,23.9425,60.1178,2025-05-05,125,30.13,,28.812,27.712,25.737,24.746,24.115,23.764,23.379,22.32,21.213,19.569,17.556,13.195,11.253,8.966
1902751_013,20.075,59.7669,2025-05-05,125,29.15,,29.195,29.203,29.205,27.6,24.532,24.168,23.881,22.576,21.152,19.281,16.427,13.245,11.501,9.095
1902660_016,21.2625,59.6463,2025-05-05,125,27.74,,26.491,26.493,26.475,26.059,24.64,24.171,23.457,21.294,20.326,19.545,16.776,13.297,11.536,8.971
6903139_348,13.1506,47.6878,2025-05-05,125,29.25,,29.064,29.014,28.724,26.346,24.992,24.041,22.82,21.399,21.428,17.31,15.404,14.674,13.341,10.773
6903140_344,21.9018,62.5024,2025-05-05,125,29.05,,28.941,28.938,28.939,28.926,26.025,23.831,23.139,22.083,21.043,19.173,16.754,13.326,11.479,9.211
6903138_348,11.467,56.7459,2025-05-05,125,30.82,,30.834,30.831,30.782,29.691,26.654,25.535,24.124,21.902,19.76,16.28,13.676,11.902,11.81,8.468
6903141_344,23.7752,60.4911,2025-05-05,125,29.5,,28.247,26.411,25.342,24.815,23.978,23.724,23.648,23.279,21.773,19.527,17.365,12.679,10.841,8.534
2903892_060,13.2,84.35,2025-05-05,125,30.7,,30.906,30.889,30.446,30.402,30.023,28.613,25.993,21.923,19.366,15.513,12.471,10.232,8.616,6.716
4903869_007,15.0667,87.8167,2025-05-05,125,30.5,,30.67,30.647,29.806,29.314,28.449,27.532,23.962,20.689,17.843,14.061,11.533,9.85,8.37,6.383
5907171_008,13.3833,88.2,2025-05-05,125,30.78,,30.713,30.512,29.46,29.355,29.248,27.848,25.441,22.017,19.661,15.328,11.905,9.961,8.452,6.461
6990608_074,8.8,89.2333,2025-05-05,125,29.94,,30.289,30.254,30.043,29.727,29.245,27.384,23.506,19.747,16.534,14.112,11.738,10.123,8.424,6.678
4903777_047,7.05,64.4333,2025-05-05,125,30.66,,31.006,30.993,30.775,30.111,28.858,26.839,22.901,20.39,17.734,14.36,12.574,11.045,9.411,7.366
5907092_069,13.8629,63.3027,2025-05-05,125,30.55,,30.841,30.48,30.014,29.276,27.295,24.671,21.908,20.173,18.398,15.989,13.248,12.112,10.915,8.883
4903783_047,6.3663,67.7197,2025-05-05,125,30.62,,31.079,30.992,30.871,30.329,29.374,27.991,24.327,20.446,17.789,14.684,12.484,10.75,9.137,7.069
6990700_008,22.9997,59.2759,2025-05-05,125,30.51,,28.908,28.711,25.464,24.105,23.775,23.537,23.46,23.021,22.063,20.306,17.311,13.407,11.395,9.117
4903839_016,24.5673,59.7055,2025-05-05,125,30.29,,29.913,28.849,26.958,25.61,24.071,23.647,23.494,23.266,22.965,21.243,18.995,13.445,11.539,9.092
1902457_071,6.1793,69.189,2025-05-05,125,30.59,,31.102,31.097,30.794,29.8,28.944,27.603,23.029,20.008,16.741,14.047,12.497,10.684,9.632,7.565
5907180_007,15.6667,69.4833,2025-05-05,125,30.4,,30.459,30.456,30.192,29.935,29.073,27.385,25.497,21.638,20.065,17.388,14.413,12.645,11.197,8.883
2903956_026,23.7165,60.2523,2025-05-18,138,29.9,,30.749,30.47,26.706,25.123,24.105,23.512,23.471,22.608,21.851,21.179,17.271,12.803,11.17,9.028
1902751_020,20.2981,59.5821,2025-05-18,138,28.16,,28.011,27.761,27.643,26.865,24.613,24.043,23.777,23.224,21.02,19.289,16.347,13.485,11.361,9.015
5907141_023,25.1294,59.7061,2025-05-18,138,29.66,,30.507,30.467,29.783,26.539,24.472,24.169,23.883,23.824,23.353,20.981,17.274,13.586,,
7902287_008,9.2167,68.7,2025-05-18,138,30.41,,30.463,30.459,30.468,30.088,28.478,26.88,24.227,21.922,19.946,15.919,13.01,11.135,9.645,7.533
7902251_014,11.8167,87.9167,2025-05-18,138,30.57,,30.711,30.713,30.49,29.908,28.746,28.338,25.159,22.168,19.416,13.336,11.341,9.964,8.519,6.808
7902249_014,10.3667,84.4,2025-05-18,138,30.58,,30.512,30.512,30.491,30.287,29.822,28.183,24.329,21.091,18.834,15.392,12.382,10.395,8.83,6.734
1902673_058,11.8333,68.55,2025-05-18,138,30.53,,30.509,30.505,30.458,30.097,28.452,26.951,25.119,21.144,18.47,16.04,13.879,11.9,10.563,8.147
2903147_055,14.4083,60.2626,2025-05-18,138,30.29,,30.501,30.499,30.499,30.501,28.318,25.696,24.575,21.722,19.207,17.472,14.571,12.32,11.084,9.434
2902775_234,8.1,89.331,2025-05-18,138,29.74,,29.853,29.857,29.892,29.969,29.754,28.608,23.292,20.557,17.265,13.87,11.827,10.004,8.805,6.737
6903139_354,12.995,48.626,2025-05-18,138,30.46,,30.276,30.274,28.805,27.083,25.249,23.675,22.212,20.205,18.976,17.047,15.097,14.636,13.508,10.787
6903140_350,21.5575,62.388,2025-05-18,138,29.59,,29.563,29.551,29.536,28.928,25.458,24.165,23.821,23.421,22.265,19.989,17.065,13.213,11.319,9.168
6903141_350,23.759,59.553,2025-05-18,138,29.66,,30.111,29.983,27.194,24.852,24.033,23.505,23.095,22.142,21.755,21.027,16.91,13.074,10.837,8.749
6903138_354,11.4133,57.6282,2025-05-18,138,30.37,,30.587,30.587,30.589,30.153,26.813,25.611,24.196,22.169,18.98,15.695,13.187,12.469,11.326,8.475
2903956_025,23.4816,60.1877,2025-05-17,137,30.14,,30.429,30.422,27.334,24.496,23.656,23.427,23.507,22.919,22.074,20.823,17.802,12.932,11.18,
6990716_008,10.4167,68.2667,2025-05-17,137,30.43,,30.355,30.358,30.266,29.879,28.762,27.45,25.729,22.521,20.057,16.073,13.071,11.415,10.196,7.981
1901898_255,12.9176,47.8536,2025-05-17,137,30.17,,,,,28.336,25.627,24.067,23.013,20.995,18.786,16.8,14.976,14.018,13.478,10.83
1902660_024,21.6279,59.8308,2025-05-17,137,27.15,,26.147,25.35,24.44,24.142,23.858,23.411,23.188,22.873,21.723,19.451,16.386,13.19,11.528,9.118
2903955_021,23.2759,59.5175,2025-05-17,137,30.32,,30.569,30.501,26.34,24.357,23.815,23.626,23.326,22.931,21.984,22.125,17.471,13.128,11.326,8.943
7902248_014,10.5167,86.4167,2025-05-17,137,30.63,,30.792,30.727,30.564,30.065,29.122,27.224,23.794,20.418,17.506,14.126,11.786,9.933,8.44,6.682
5907140_014,7.1667,82.4833,2025-05-17,137,30.73,,30.809,30.812,30.274,29.028,27.555,25.15,22.266,18.799,15.776,13.246,11.361,10.178,9.259,6.825
6990612_058,11.8167,68.2667,2025-05-17,137,30.5,,30.616,30.624,30.513,30.113,28.481,27.516,24.5,20.438,18.673,15.657,13.681,11.873,10.814,8.108
4903660_096,15.2475,59.0702,2025-05-17,137,30.06,,30.517,30.463,30.445,28.561,25.034,24.297,23.536,20.985,20.08,17.334,15.464,12.652,11.416,9.182
6990514_096,16.7422,65.1234,2025-05-17,137,30.23,,30.265,30.235,30.197,29.993,26.225,24.991,23.71,20.825,19.708,17.162,14.752,12.55,10.907,8.866
4903839_022,24.6472,59.8703,2025-05-17,137,29.94,,30.127,30.102,27.731,25.911,24.38,23.656,23.035,22.536,22.246,21.295,18.09,13.11,11.266,8.728
1902751_019,20.2518,59.6005,2025-05-17,137,28.11,,27.878,27.879,27.742,25.987,24.439,23.947,23.328,21.843,20.671,18.845,16.348,13.52,11.477,8.995
1902289_029,6.4402,69.1179,2025-05-17,137,30.25,,30.623,30.624,30.629,30.653,29.513,27.906,22.731,18.636,16.934,14.095,12.24,10.705,9.667,7.634
3902657_024,21.9771,60.8434,2025-05-16,136,29.5,,28.931,28.935,28.936,28.868,25.008,24.092,23.843,23.002,21.463,19.559,,,,
2903956_024,23.2392,60.1366,2025-05-16,136,30.27,,30.544,30.527,26.11,24.609,23.741,23.554,23.475,23.19,22.192,21.124,17.403,13.027,11.022,8.659
1902734_009,20.5506,61.1701,2025-05-16,136,29.88,,29.736,29.739,29.74,29.739,25.328,24.104,23.637,21.636,20.169,18.23,15.426,13.205,11.461,9.15
4903794_022,7.4978,88.2887,2025-05-16,136,29.37,,29.639,29.639,29.719,29.851,28.629,25.844,21.498,18.043,15.488,13.315,11.212,9.719,8.436,6.528
7901016_064,14.521,55.7065,2025-05-16,136,30.9,,30.71,30.695,28.914,27.878,26.144,25.515,24.484,23.055,20.252,16.977,14.263,12.587,12.036,9.272
5907179_008,11.1833,66.7333,2025-05-16,136,30.38,,30.632,30.636,30.587,30.546,29.821,26.488,23.439,20.648,18.02,15.818,13.036,11.481,10.821,8.544
5907141_022,25.1325,59.7304,2025-05-16,136,29.91,,30.51,30.507,30.498,25.648,24.585,24.025,23.788,23.693,23.193,21.002,17.12,,,
1902756_007,14.4947,53.073,2025-05-16,136,30.82,,30.707,30.488,30.357,30.131,25.454,23.335,21.734,20.747,19.473,17.405,14.758,12.619,11.274,10.083
2903988_012,12.7833,85.4833,2025-05-16,136,31.11,,31.154,31.581,30.517,28.756,27.81,24.305,21.181,18.964,16.975,14.189,11.749,9.791,8.37,6.445
2903895_048,8.5,60.5333,2025-05-16,136,30.64,,30.86,30.873,30.873,30.784,30.009,28.356,27.133,24.88,21.292,18.283,13.021,11.242,10.472,8.052
3902573_048,8.2,67.2,2025-05-16,136,30.28,,30.839,30.567,30.39,30.156,28.47,26.577,23.859,21.756,19.453,15.927,12.59,10.905,9.822,7.504
2902765_193,11.189,84.935,2025-05-16,136,30.85,,30.759,30.896,30.775,30.32,29.336,27.545,23.908,20.73,18.813,15.149,12.176,10.118,8.603,6.729
7901136_072,14.6812,69.8232,2025-05-16,136,30.59,,30.857,30.809,30.791,30.647,29.534,28.239,25.861,22.957,20.182,16.994,13.802,12.393,11.03,8.727
1902373_010,14.7273,89.8523,2025-05-16,136,31.27,,31.504,31.415,30.703,30.205,28.073,26.961,22.415,19.25,17.362,13.989,11.721,10.043,8.659,6.756
1902458_071,11.5659,66.7167,2025-05-16,136,30.34,,30.306,30.307,30.308,30.31,27.965,25.715,24.461,20.819,18.008,15.183,13.198,11.824,10.496,8.315
6903139_353,13.2647,48.5614,2025-05-16,136,29.96,,30.375,30.353,28.035,25.875,24.8,23.982,21.864,19.707,18.67,17.448,15.294,14.178,13.34,10.862
6903138_353,11.4482,57.4627,2025-05-16,136,30.45,,30.572,30.575,30.616,30.729,27.401,25.719,24.76,20.455,18.522,15.496,13.258,11.931,11.849,8.55
1902681_040,10.7867,82.3221,2025-05-16,136,30.77,,30.972,30.973,30.97,30.503,29.269,27.245,23.331,19.662,17.258,14.637,12.342,10.009,8.465,6.469
6903141_349,24.0125,59.7993,2025-05-16,136,30.34,,30.57,30.557,26.94,24.881,23.742,23.379,22.525,21.693,20.584,21.843,17.149,13.072,10.952,8.644
6903140_349,21.7886,62.3668,2025-05-16,136,29.59,,29.261,29.259,29.258,29.065,24.741,24.203,23.693,23.291,22.28,19.994,17.512,12.99,11.195,9.243
2903956_023,23.051,60.0308,2025-05-15,135,30.69,,30.599,29.675,26.128,25.005,23.963,23.599,23.326,22.983,21.935,20.611,16.96,13.043,11.107,8.803
1902660_023,21.5933,59.8189,2025-05-15,135,26.86,,25.683,25.471,25.152,24.599,24.275,23.908,23.645,23.005,20.992,19.824,16.843,13.59,11.767,9.323
1902755_002,13.9798,67.858,2025-05-15,135,30.33,,30.531,30.537,30.49,30.427,29.191,28.033,26.046,21.582,19.991,16.585,14.512,12.077,11.091,8.518
5907167_002,13.9798,67.858,2025-05-15,135,30.33,,30.531,30.537,30.49,30.427,29.191,28.033,26.046,21.582,19.991,16.585,14.512,12.077,11.091,8.518
4903869_008,15.2167,87.7833,2025-05-15,135,31.38,,31.501,31.423,30.855,30.03,28.582,27.58,24.225,20.756,18.484,14.778,11.784,10.063,8.582,6.574
2903892_061,13.3333,84.1333,2025-05-15,135,30.91,,31.282,31.075,30.806,30.412,29.205,28.133,25.989,22.014,18.881,15.013,11.928,10.031,8.431,6.569
4903777_048,7.4833,64.3667,2025-05-15,135,30.51,,30.866,30.77,30.668,30.282,28.808,27.381,25.532,21.268,18.352,15.329,12.691,11.069,9.621,7.266
5907171_009,13.7167,88.55,2025-05-15,135,31.43,,31.676,30.519,29.714,29.164,28.275,28.032,26.285,22.673,19.935,15.46,11.98,10.065,8.52,6.617
6990608_075,8.6167,89.2,2025-05-15,135,29.93,,30.091,30.18,30.153,30.019,29.244,27.182,24.104,19.688,16.275,13.685,11.57,10.082,8.68,6.803
6990700_016,22.5506,59.8476,2025-05-15,135,30.08,,29.3,28.144,25.49,24.435,23.811,23.613,23.388,23.278,22.65,21.132,18.827,13.858,,
5907092_070,13.9449,63.0939,2025-05-15,135,30.44,,30.691,30.577,30.667,30.423,29.214,27.244,23.768,21.038,19.547,16.388,14.061,12.021,10.872,8.804
4903783_048,6.2217,67.779,2025-05-15,135,30.31,,30.924,30.876,30.742,30.705,29.477,26.712,22.971,20.162,17.634,14.295,12.523,10.866,9.294,7.002
2903955_020,23.475,59.3058,2025-05-15,135,31.09,,31.114,30.481,27.215,25.238,24.012,23.588,23.463,22.974,21.716,21.868,17.429,13.401,11.269,8.974
1902373_009,14.7099,89.8278,2025-05-15,135,31.41,,31.459,31.138,30.557,29.778,28.406,27.253,23.595,20.34,17.874,14.303,11.87,10.119,8.624,6.747
1902751_018,20.2058,59.6381,2025-05-15,135,28.77,,28.556,28.54,28.424,27.247,25.015,24.285,23.898,22.771,20.552,18.978,16.342,13.522,11.65,9.206
1902457_072,6.4439,69.2302,2025-05-15,135,30.24,,30.563,30.563,30.563,30.561,28.612,27.319,23.997,18.265,16.673,13.912,12.056,10.713,9.512,7.38
4903839_021,24.7019,59.848,2025-05-15,135,30.63,,30.283,30.25,29.884,26.001,24.166,23.812,23.623,23.358,22.367,21.121,17.497,13.204,11.325,8.883
5907141_021,25.0352,59.7637,2025-05-14,134,30.75,,30.5,30.499,26.994,24.758,24.391,23.882,23.674,23.6,23.196,21.521,17.357,13.508,11.657,8.934
2903956_022,22.9644,59.8839,2025-05-14,134,30.55,,30.331,30.111,26.543,24.651,24.0,23.566,23.54,23.025,22.575,21.169,17.007,13.107,11.278,8.635
5907180_008,15.6667,69.4667,2025-05-14,134,30.51,,30.527,30.527,30.435,30.071,28.523,25.654,23.778,21.573,19.55,17.33,14.181,12.533,11.034,8.819
6990609_061,10.7167,89.3833,2025-05-14,134,30.23,,30.583,30.584,30.202,29.834,29.358,27.022,24.398,20.503,17.967,14.581,12.061,10.134,8.648,6.765
6990705_008,6.3167,89.1,2025-05-14,134,29.32,,29.825,29.828,29.786,29.472,28.282,25.832,20.373,17.005,15.279,13.64,11.895,9.858,8.745,6.812
7901127_061,8.6,91.7167,2025-05-14,134,29.82,,30.094,30.095,29.961,29.429,28.499,24.084,20.246,17.514,16.283,13.906,11.817,10.186,8.543,6.751
6990611_059,21.6,66.3833,2025-05-14,134,29.65,,29.937,29.897,29.749,29.556,26.769,24.535,23.928,23.885,23.514,20.763,17.339,13.511,11.35,8.835
1902373_008,14.7005,89.7969,2025-05-14,134,31.11,,31.231,31.039,30.423,30.049,28.875,27.489,24.782,21.931,19.254,14.683,11.869,10.168,8.703,6.692
6990700_015,22.5521,59.8259,2025-05-14,134,29.58,,29.301,28.047,25.115,24.589,23.716,23.634,23.463,23.483,22.396,21.164,19.137,13.62,11.543,
1902660_022,21.5813,59.7832,2025-05-14,134,26.67,,26.995,26.892,26.183,24.662,24.206,23.824,23.173,23.018,22.111,19.607,16.787,13.38,11.573,9.311
6903140_348,21.9821,62.5487,2025-05-14,134,29.5,,29.426,29.429,29.434,28.468,24.432,24.07,24.128,23.583,22.802,20.146,17.259,13.198,11.341,9.147
6903141_348,23.9702,60.0289,2025-05-14,134,30.94,,30.417,30.097,26.617,24.706,23.876,23.598,23.105,22.657,21.437,21.864,17.475,12.996,10.731,8.489
6903138_352,11.5013,57.2705,2025-05-14,134,30.53,,30.678,30.684,30.69,29.891,26.831,25.534,25.029,22.254,19.998,15.684,13.316,12.513,11.555,8.324
3902657_021,21.5628,60.9874,2025-05-13,133,29.27,,28.875,28.875,28.875,28.869,25.513,24.306,23.824,22.033,20.828,19.468,,,,
2903956_021,22.9436,59.7117,2025-05-13,133,30.52,,30.266,30.249,26.183,25.053,23.787,23.686,23.629,23.291,22.384,21.176,17.378,13.133,11.234,8.625
1902757_020,22.7179,60.297,2025-05-13,133,29.57,,27.783,27.781,26.641,24.899,24.234,23.716,23.426,22.781,21.755,20.775,16.236,13.203,11.644,9.429
1902734_008,20.4314,61.186,2025-05-13,133,29.82,,29.655,29.656,29.661,29.634,25.73,24.379,23.612,21.333,20.303,18.448,15.745,13.212,11.47,9.183
6903139_352,13.4657,48.428,2025-05-13,133,30.43,,30.693,29.916,27.625,25.867,24.558,23.793,21.227,19.833,18.436,16.67,14.608,14.22,13.251,10.557
7902200_029,6.4484,66.1173,2025-05-13,133,30.5,,30.758,30.769,30.77,30.757,29.252,27.593,23.607,19.964,17.923,13.505,12.31,10.722,9.291,7.38
2903434_040,11.0935,84.7146,2025-05-13,133,30.74,,30.875,30.878,30.879,30.49,29.484,28.041,24.448,20.518,18.703,15.369,12.448,10.094,8.657,6.649
2903829_010,9.189,87.2574,2025-05-13,133,30.24,,30.506,30.535,29.923,29.52,28.66,27.772,21.848,19.352,16.48,13.299,11.399,9.783,8.469,6.721
2903891_061,12.9333,89.8167,2025-05-13,133,30.63,,31.387,31.195,30.51,30.134,29.223,28.263,24.768,21.161,18.803,14.388,11.778,9.975,8.576,6.962
7901126_061,11.1333,91.0667,2025-05-13,133,30.27,,30.69,30.687,30.521,30.161,29.352,27.019,22.976,19.187,16.746,13.338,11.431,9.844,8.475,6.71
4903776_061,10.75,88.3667,2025-05-13,133,30.29,,30.542,30.456,30.179,29.928,29.193,27.273,23.949,19.664,17.707,13.989,11.725,9.945,8.527,6.858
6903059_481,20.2791,62.0714,2025-05-13,133,29.74,,29.648,29.653,29.642,29.615,25.182,24.652,24.301,23.71,21.455,18.791,15.896,13.263,11.701,9.45
2903955_019,23.7764,59.2851,2025-05-13,133,31.01,,30.335,30.207,28.882,25.615,24.085,23.864,23.619,23.505,22.879,21.746,19.542,13.444,11.455,9.044
2902273_221,16.5024,69.3066,2025-05-13,133,30.81,,30.873,30.648,30.476,29.869,29.17,26.924,24.909,22.003,19.401,16.997,14.746,12.623,11.157,8.744
1902751_017,20.1859,59.6609,2025-05-13,133,28.7,,29.204,29.083,27.745,25.724,24.473,24.165,23.75,22.568,20.836,18.794,16.543,13.501,11.511,9.074
1902594_076,10.8419,86.3449,2025-05-13,133,30.87,,30.997,30.953,30.933,30.078,28.835,28.209,24.516,19.864,17.646,15.001,11.948,10.055,8.7,6.869
4903839_020,24.7401,59.8323,2025-05-13,133,30.68,,30.363,30.351,26.778,25.407,23.982,23.619,23.558,23.426,23.042,21.747,18.739,13.282,11.264,8.808
6990700_014,22.5681,59.8196,2025-05-13,133,29.21,,29.525,28.847,24.457,24.035,23.829,23.62,23.139,22.761,22.459,20.947,17.728,13.687,11.549,
1902757_019,22.6076,60.2657,2025-05-12,132,29.38,,28.711,28.699,27.451,25.0,24.149,23.719,23.568,22.647,21.735,19.059,,,,
2903956_020,23.0267,59.5353,2025-05-12,132,30.3,,30.244,30.189,27.325,25.657,23.88,23.78,23.608,23.35,22.604,21.435,17.511,13.374,11.27,8.698
3902657_020,21.455,60.9971,2025-05-12,132,29.36,,28.896,28.897,28.9,28.717,26.514,24.309,23.527,21.574,20.823,19.309,16.317,13.311,11.635,9.32
1902660_021,21.5555,59.753,2025-05-12,132,27.69,,26.818,26.811,25.845,25.112,24.405,24.161,23.64,22.895,21.299,20.036,17.005,13.487,11.499,9.282
2903138_090,6.7321,67.4297,2025-05-12,132,30.51,,31.029,31.029,31.029,29.928,29.161,27.598,24.16,20.101,18.001,14.703,12.42,10.558,8.978,7.169
5907141_020,25.0956,59.9623,2025-05-12,132,30.11,,30.193,30.081,26.174,24.697,23.828,23.669,23.611,23.261,22.658,20.978,16.984,13.453,,
7901128_059,17.65,66.75,2025-05-12,132,30.13,,30.152,30.152,30.051,29.746,28.306,26.422,25.497,23.522,20.713,18.287,14.824,12.579,11.181,8.862
7901125_061,13.8833,90.6167,2025-05-12,132,30.57,,31.066,30.997,30.441,29.842,29.179,27.807,23.525,19.595,16.53,13.774,11.476,9.913,8.554,6.859
6990610_059,21.5833,63.2667,2025-05-12,132,29.41,,29.558,29.543,29.202,28.742,25.731,24.305,23.98,23.326,22.15,19.25,16.66,13.238,11.38,9.262
1902672_059,17.3667,70.7667,2025-05-12,132,31.2,,30.531,30.405,30.292,30.194,29.072,27.115,25.246,22.765,19.744,16.947,14.18,12.485,11.116,8.488
5907084_059,19.5833,64.0333,2025-05-12,132,30.05,,30.228,30.229,30.147,30.011,29.027,26.571,24.732,23.166,21.806,18.782,15.026,13.08,11.606,9.218
2902272_221,19.6385,60.4232,2025-05-12,132,29.53,,29.284,29.272,29.211,27.707,24.354,23.869,22.471,21.113,19.966,18.13,15.774,12.705,11.52,9.085
2903140_090,7.2031,66.2801,2025-05-12,132,30.4,,30.84,30.841,30.835,30.41,29.145,27.112,23.255,20.952,17.939,15.001,12.453,10.847,9.454,7.378
2902768_192,13.397,84.161,2025-05-12,132,30.92,,30.781,30.773,30.536,29.942,28.507,27.756,26.438,21.938,19.464,15.162,12.176,10.191,8.765,6.647
2902772_191,15.492,84.583,2025-05-12,132,30.95,,30.811,30.785,30.424,29.875,28.422,27.929,28.051,25.357,21.964,16.719,12.298,10.112,8.765,6.845
2902770_191,11.636,90.378,2025-05-12,132,30.31,30.787,30.803,30.767,30.123,29.393,29.256,28.307,25.148,19.305,16.884,13.542,11.41,9.706,8.534,6.749
2903956_033,24.1327,59.9452,2025-05-25,145,30.77,,31.275,31.276,29.086,25.225,23.731,22.943,21.823,21.23,21.066,20.631,16.018,13.145,11.442,
3902657_031,23.4041,60.4792,2025-05-25,145,29.42,,28.9,28.9,28.873,26.328,24.572,24.234,23.805,22.546,20.697,18.817,16.877,13.481,11.568,9.158
1902734_012,20.983,61.1031,2025-05-25,145,29.82,,29.886,29.889,29.893,29.893,26.639,24.361,23.718,22.426,21.14,18.388,16.269,13.354,11.689,9.26
2903955_025,24.2956,60.5313,2025-05-25,145,30.32,,30.608,30.584,26.057,24.941,24.06,23.665,23.507,22.93,21.983,21.45,17.492,13.034,11.401,8.914
1902681_041,10.8697,82.2902,2025-05-25,145,30.41,,30.27,30.27,30.273,30.32,29.912,29.197,24.927,21.434,19.323,15.466,12.417,10.156,8.56,6.597
4903869_009,15.2833,87.7667,2025-05-25,145,30.83,,30.624,30.634,30.524,29.949,28.296,27.688,24.915,21.436,18.655,15.037,11.927,10.096,8.63,6.658
2903892_062,13.4167,83.9167,2025-05-25,145,30.74,,30.872,30.871,30.894,30.884,30.091,27.877,24.861,21.09,17.829,14.369,11.705,9.788,8.4,6.588
4903777_049,7.75,64.2333,2025-05-25,145,30.13,,30.185,30.187,30.185,30.186,29.874,28.129,25.272,21.827,19.845,15.982,12.927,11.089,9.394,7.311
5907171_010,14.0333,88.85,2025-05-25,145,30.47,,29.866,30.147,30.73,30.714,28.683,27.885,25.268,22.008,18.937,15.131,12.047,10.019,8.601,6.611
6990608_076,8.2833,89.1333,2025-05-25,145,29.84,,30.078,30.077,30.08,29.974,29.329,27.17,22.879,20.57,17.938,14.652,11.971,9.99,8.516,6.85
4903783_049,6.4315,67.7017,2025-05-25,145,29.95,,30.064,30.07,30.068,30.003,29.16,26.625,22.368,19.178,16.854,14.874,12.357,10.785,9.239,6.991
5907092_071,14.2086,62.948,2025-05-25,145,30.19,,29.843,29.9,30.089,30.073,28.731,26.015,24.573,22.913,20.09,16.659,13.801,12.252,10.969,8.752
1902755_003,14.0845,67.9171,2025-05-25,145,30.15,,30.144,30.141,30.104,29.997,28.862,27.548,24.187,20.619,18.841,16.416,13.979,12.057,10.942,8.516
5907167_003,14.0845,67.9171,2025-05-25,145,30.15,,30.144,30.141,30.104,29.997,28.862,27.548,24.187,20.619,18.841,16.416,13.979,12.057,10.942,8.516
5907141_026,24.8107,59.5082,2025-05-25,145,30.8,,31.561,31.508,30.57,26.785,24.494,23.763,23.582,23.422,23.006,21.605,17.824,13.497,11.169,8.87
2902206_337,9.461,69.215,2025-05-25,145,30.15,,30.075,30.079,30.083,30.087,29.345,27.967,24.828,21.917,18.991,15.912,13.023,11.316,9.749,7.734
1902457_073,6.5384,69.2783,2025-05-25,145,30.09,,30.178,30.173,30.174,30.176,29.946,28.107,25.141,19.989,17.11,14.145,12.202,10.785,9.337,7.465
2903956_032,24.1856,60.0168,2025-05-24,144,30.65,,31.267,31.187,26.556,24.767,23.612,23.307,22.434,21.621,21.185,21.167,16.251,13.206,11.457,9.068
6990611_060,21.6167,65.9167,2025-05-24,144,30.18,,30.452,30.42,29.925,28.578,25.127,24.113,23.85,23.563,23.516,20.528,17.161,13.503,11.541,9.109
6990705_009,6.1333,88.9167,2025-05-24,144,29.39,,29.448,29.454,29.485,29.496,28.645,25.782,22.376,18.02,15.876,13.744,11.749,9.854,8.608,6.89
5907180_009,15.6833,69.4833,2025-05-24,144,30.32,,29.841,29.886,29.899,29.862,28.944,26.509,24.488,22.327,20.354,17.534,14.475,12.523,10.991,8.888
6990609_062,10.55,89.1667,2025-05-24,144,29.96,,30.305,30.302,30.304,30.162,29.076,27.942,24.165,19.738,17.003,14.246,11.744,9.965,8.373,6.694
1902751_023,20.374,59.5325,2025-05-24,144,28.69,,29.281,29.06,27.809,25.321,24.395,23.952,23.514,22.311,20.798,19.426,16.344,13.452,11.711,9.179
6903139_357,12.2133,48.9268,2025-05-24,144,30.58,,31.363,31.287,30.967,29.136,26.093,24.158,21.7,19.735,18.284,17.041,14.827,14.086,13.368,10.747
6903140_353,21.6016,62.7859,2025-05-24,144,29.76,,30.186,30.17,30.054,29.369,25.28,24.017,23.664,22.991,21.802,19.757,16.531,12.877,11.291,9.009
6903141_353,23.8052,60.119,2025-05-24,144,30.73,,31.07,30.792,27.741,24.72,23.616,23.249,22.429,21.774,21.05,20.248,16.145,12.893,11.111,8.782
6990700_022,22.5514,59.8349,2025-05-24,144,29.0,,29.332,27.998,25.11,24.366,23.666,23.294,23.004,22.234,21.417,20.173,17.99,13.458,11.225,
2903434_041,11.5846,84.7536,2025-05-24,144,30.35,,30.483,30.483,30.996,30.545,29.365,27.297,22.506,19.871,17.941,14.72,11.877,9.884,8.602,6.587
1902660_028,21.9715,59.948,2025-05-24,144,27.78,,27.581,27.558,24.674,24.437,24.121,23.491,23.181,22.573,21.195,19.118,17.234,13.31,11.561,9.254
7901127_062,8.7667,91.75,2025-05-24,144,29.69,,29.742,29.742,29.873,29.723,27.824,24.102,20.744,18.098,16.121,14.57,12.077,10.628,8.49,
1902757_030,23.9615,61.5203,2025-05-23,143,30.12,,30.167,30.169,29.241,25.849,24.397,23.946,23.624,23.191,22.145,19.207,16.542,13.196,11.955,9.541
2903956_031,24.1888,60.0735,2025-05-23,143,30.56,,30.918,30.843,27.152,25.065,23.765,23.313,23.171,21.991,21.075,20.737,16.205,13.298,11.462,
4903839_025,24.2631,59.5802,2025-05-23,143,30.7,,30.808,30.781,27.913,24.964,24.069,23.709,23.243,21.988,21.195,20.698,17.643,13.24,11.339,8.9
2903955_024,23.8841,60.3619,2025-05-23,143,30.51,,30.692,30.687,26.752,24.944,24.056,23.707,23.547,23.083,21.911,21.58,16.916,13.077,11.471,8.884
2903829_011,9.5576,86.8685,2025-05-23,143,29.72,,29.941,29.936,29.937,29.776,28.667,27.503,23.503,19.743,16.708,13.781,11.422,9.796,8.414,6.701
7902200_030,6.3585,66.27,2025-05-23,143,29.96,,30.479,30.479,30.464,29.592,28.654,26.673,23.401,19.642,17.844,14.383,11.991,10.778,9.429,7.414
2903891_062,12.9333,89.8167,2025-05-23,143,30.56,,30.73,30.736,30.61,29.798,28.264,27.711,23.97,20.452,17.723,13.918,11.835,9.97,8.57,6.982
7901126_062,11.0667,91.5,2025-05-23,143,30.14,30.464,30.485,30.485,30.431,30.12,29.132,27.196,21.856,17.843,16.369,13.41,11.627,10.141,8.512,6.915
4903776_062,10.9,88.3667,2025-05-23,143,30.18,,30.452,30.447,30.083,29.698,29.116,27.275,23.366,19.562,16.732,14.263,11.917,9.933,8.552,6.829
2902273_222,16.7153,68.9584,2025-05-23,143,30.44,,30.363,30.315,30.29,30.337,29.642,27.69,23.938,21.14,19.948,17.313,14.511,12.593,11.297,8.883
5907141_025,24.9749,59.5873,2025-05-23,143,30.38,,31.217,29.822,28.592,25.663,24.701,24.081,23.574,23.433,22.788,20.964,17.592,13.333,11.494,8.949
6903059_482,19.9746,61.9782,2025-05-23,143,30.1,,30.149,30.052,29.971,29.448,25.727,24.283,23.711,22.177,21.058,18.592,15.97,13.393,11.698,9.467
6990700_021,22.5548,59.8273,2025-05-23,143,29.28,,29.045,28.412,25.307,24.43,23.453,23.311,22.846,21.987,20.973,20.354,17.93,12.908,11.512,
1902594_077,10.9754,86.6059,2025-05-23,143,30.28,,30.345,30.345,30.344,30.335,29.295,27.004,23.644,20.103,17.329,14.053,11.593,9.969,8.58,6.851
2903138_091,6.6532,67.2703,2025-05-22,142,30.11,,30.434,30.437,30.442,30.347,29.074,26.952,22.244,19.035,16.607,14.392,12.268,10.677,9.009,7.224
1902757_029,23.9916,61.3805,2025-05-22,142,30.06,,30.66,30.648,29.293,27.412,24.484,23.73,23.613,22.894,21.706,19.824,,,,
2903956_030,24.1759,60.1242,2025-05-22,142,30.66,,30.866,30.834,26.465,24.843,23.935,23.569,22.893,22.15,21.362,21.109,16.432,13.256,11.416,
3902657_030,22.9445,60.3548,2025-05-22,142,29.63,,29.175,29.181,28.875,28.049,25.794,24.135,23.658,22.952,21.059,19.464,17.01,13.48,11.658,9.204
1902734_011,20.824,61.1245,2025-05-22,142,29.82,,29.992,29.994,29.89,29.755,25.211,24.214,23.751,21.891,20.54,18.581,16.254,13.459,11.641,9.281
1902751_022,20.3482,59.5342,2025-05-22,142,28.68,,28.991,28.914,27.811,26.54,24.552,24.091,23.707,22.805,20.59,18.879,16.301,13.462,11.56,9.058
6990610_060,21.5833,63.7667,2025-05-22,142,30.07,,30.442,30.36,30.118,29.644,26.151,23.939,22.4,20.592,19.532,18.493,16.026,13.307,11.508,9.142
1902672_060,17.55,70.6,2025-05-22,142,30.15,,30.105,30.201,30.025,29.276,27.658,25.051,23.764,22.906,19.676,16.971,14.081,12.477,11.074,8.59
7901125_062,13.7333,90.6333,2025-05-22,142,30.77,,30.993,30.986,30.919,30.447,28.772,26.755,22.6,18.822,16.359,13.595,11.565,9.845,8.527,6.722
7901128_060,17.45,66.6,2025-05-22,142,30.24,,30.545,30.325,29.977,28.893,27.093,24.665,24.097,23.543,21.645,17.769,14.628,12.544,11.139,8.82
5907084_060,19.4833,63.8833,2025-05-22,142,30.47,,30.311,30.208,30.143,30.046,29.831,26.598,24.64,24.284,23.178,19.901,16.448,13.253,11.6,9.089
2903140_091,7.2843,66.4528,2025-05-22,142,30.12,,30.457,30.459,30.468,30.493,28.296,27.218,24.885,19.561,17.349,14.341,12.49,10.815,9.011,7.265
6903141_352,23.494,59.8794,2025-05-22,142,30.71,,30.889,30.813,29.274,26.119,23.81,23.364,22.97,22.553,21.747,21.704,17.57,12.554,10.859,8.706
6903140_352,21.4964,62.8284,2025-05-22,142,29.89,,30.157,30.087,30.007,29.492,25.945,23.945,22.846,22.205,20.934,19.371,16.348,13.03,11.175,9.104
1902660_027,21.8799,59.9183,2025-05-22,142,28.61,,29.125,28.626,26.472,24.841,24.24,23.219,22.615,22.28,20.988,19.211,16.189,13.215,11.46,9.128
2902770_192,11.364,90.319,2025-05-22,142,30.27,,30.546,30.458,30.486,30.457,29.544,28.311,25.198,18.428,16.025,13.388,11.551,9.686,8.428,6.701
2902772_192,14.854,84.404,2025-05-22,142,30.55,,30.773,30.775,30.648,30.253,28.403,28.103,27.382,23.82,20.424,15.966,12.183,10.045,8.535,6.623
2902272_222,19.804,60.7008,2025-05-22,142,29.64,,29.701,29.674,29.578,26.773,24.547,23.633,22.091,20.785,19.79,18.225,15.398,12.79,11.543,9.304
2902768_193,13.465,83.841,2025-05-22,142,30.57,30.946,30.939,30.939,30.905,30.219,28.816,27.878,25.777,23.045,19.999,15.358,11.965,10.007,8.527,6.444
6903139_356,12.4633,48.8052,2025-05-22,142,30.27,,30.858,30.859,30.756,28.169,25.619,23.913,21.876,19.792,18.235,16.542,14.842,14.112,13.477,10.631
2903137_091,8.1137,51.6847,2025-05-21,141,28.61,,28.059,28.043,27.99,27.678,26.396,23.547,21.076,20.032,18.575,14.614,12.699,11.591,10.192,7.589
2903956_029,24.1501,60.1873,2025-05-21,141,30.15,,30.673,30.6,26.133,24.458,23.602,23.18,22.369,22.154,21.147,21.603,17.024,13.269,11.467,
4903839_024,24.4343,59.6874,2025-05-21,141,30.16,,30.922,30.495,28.636,25.468,24.101,23.719,23.544,23.291,22.479,20.934,17.599,13.053,11.301,8.871
2902306_039,20.8596,63.2441,2025-05-21,141,29.95,,30.234,30.023,29.917,28.709,25.483,24.447,24.168,22.938,20.89,19.041,16.527,13.307,11.516,9.136
2903955_023,23.4981,60.1125,2025-05-21,141,30.35,,30.47,30.466,27.345,25.29,24.132,23.595,23.337,22.09,21.174,20.899,17.273,13.14,11.224,8.964
6990700_020,22.5669,59.8309,2025-05-21,141,29.31,,28.971,28.957,27.947,25.871,24.179,23.741,23.205,22.279,21.348,20.142,17.552,13.214,11.329,9.065
4903775_062,14.1,91.5333,2025-05-21,141,30.62,,30.889,30.888,30.857,30.358,28.562,25.817,21.941,18.249,16.435,13.46,11.267,9.772,8.402,6.677
5907083_062,11.9,86.9333,2025-05-21,141,30.5,,30.609,30.598,30.454,30.04,28.979,27.042,23.658,20.183,17.396,14.381,11.914,10.086,8.613,6.626
1902669_062,14.6167,86.2,2025-05-21,141,30.75,,30.976,30.985,30.912,30.329,29.087,27.313,24.089,20.522,17.96,14.417,11.59,9.691,8.145,6.416
1902671_060,17.9,68.9,2025-05-21,141,30.52,,31.117,30.907,30.716,30.447,29.313,27.061,24.336,21.661,20.435,17.687,15.584,12.202,10.848,8.82
1901897_256,17.3786,61.5203,2025-05-21,141,29.66,,,,,27.57,25.518,24.512,23.633,22.271,20.413,18.337,15.72,13.362,11.819,9.2
2902766_199,14.497,87.641,2025-05-21,141,30.56,,31.125,31.106,30.843,30.279,29.686,28.568,25.619,21.648,18.606,14.775,11.772,9.862,8.418,6.434
5907141_024,25.1135,59.6048,2025-05-21,141,30.27,,30.989,30.731,29.076,26.057,24.872,24.323,23.746,23.527,22.926,20.811,17.807,13.451,11.48,
2903956_028,24.0669,60.2492,2025-05-20,140,29.96,,30.566,30.326,25.91,24.232,23.834,23.652,23.481,22.167,21.037,21.271,17.067,13.397,11.506,
1902660_026,21.7915,59.8827,2025-05-20,140,28.39,,29.312,29.29,26.878,24.768,24.173,23.559,23.411,23.223,21.402,19.027,15.646,12.957,11.18,8.976
6990715_008,9.85,67.2833,2025-05-20,140,30.18,,30.604,30.611,30.615,30.453,28.562,26.754,25.623,22.793,19.985,15.735,13.186,11.551,10.136,7.987
1902751_021,20.3204,59.569,2025-05-20,140,28.69,,28.83,28.357,27.499,26.922,24.723,24.133,23.782,23.507,22.033,19.426,16.18,13.262,11.742,9.048
2902203_337,15.683,64.696,2025-05-20,140,30.07,,30.287,30.294,30.258,30.274,27.991,24.77,24.223,22.618,19.942,17.799,14.629,12.398,10.971,8.673
5907082_062,18.5333,85.5,2025-05-20,140,31.09,,30.769,30.723,30.497,29.96,28.474,25.178,21.84,18.364,15.915,13.646,11.554,10.08,8.802,6.903
6903140_351,21.4379,62.5992,2025-05-20,140,29.49,,29.898,29.861,29.76,29.63,25.213,24.164,23.63,22.683,22.083,19.774,16.677,13.12,11.228,9.246
6903141_351,23.4784,59.596,2025-05-20,140,30.13,,30.376,30.364,27.367,24.886,24.038,23.418,22.813,22.205,21.762,20.805,17.037,12.818,11.086,8.766
6903139_355,12.7136,48.7116,2025-05-20,140,30.87,,30.625,30.48,30.105,28.266,25.421,24.14,22.461,19.927,18.901,16.999,14.623,14.137,13.698,9.939
2903956_027,23.9105,60.2642,2025-05-19,139,29.96,,30.661,30.408,26.856,24.549,23.963,23.703,23.192,22.497,21.514,21.323,17.008,13.02,11.296,
1902734_010,20.6829,61.1502,2025-05-19,139,29.6,,29.869,29.869,29.856,29.791,25.295,24.025,23.026,21.244,20.109,18.125,15.528,13.484,11.688,9.266
4903839_023,24.5504,59.7808,2025-05-19,139,29.83,,30.204,29.902,28.864,25.366,24.015,23.587,23.576,23.053,22.293,21.034,18.047,13.056,11.303,8.902
2903955_022,23.259,59.8098,2025-05-19,139,30.14,,30.716,30.525,26.595,25.177,24.038,23.602,23.13,21.326,21.661,21.259,17.595,13.229,11.332,8.858
2903989_010,15.8333,86.2833,2025-05-19,139,30.97,,31.241,31.222,30.611,30.603,30.011,29.279,26.883,23.289,19.951,15.836,12.192,10.121,8.607,6.749
5907085_058,8.55,69.7667,2025-05-19,139,30.54,,30.815,30.812,30.796,30.695,29.071,27.303,23.257,19.653,17.765,15.35,12.793,11.18,9.717,7.344
3902669_009,19.3833,64.0,2025-05-19,139,30.0,,30.358,30.252,29.985,29.965,29.486,27.52,24.991,24.023,22.478,19.438,16.125,13.15,11.573,9.17
2902201_337,19.01,58.932,2025-05-19,139,28.54,,27.879,27.81,27.388,26.508,24.901,24.212,23.987,23.431,21.548,19.22,16.648,13.064,11.258,8.994
2903145_055,10.0199,52.5448,2025-05-19,139,29.66,,29.601,29.594,29.496,29.465,26.841,24.796,20.852,19.18,17.011,14.365,12.846,10.696,9.728,8.042
1902660_025,21.7075,59.8688,2025-05-19,139,27.74,,28.667,28.45,25.079,24.709,24.117,23.667,22.526,22.6,20.721,19.237,16.47,13.301,11.521,9.117
2903142_091,12.8803,63.631,2025-05-19,139,30.34,,30.656,30.608,30.568,30.561,30.086,27.112,25.297,21.924,19.275,15.879,13.371,11.871,10.708,8.986
2903149_055,11.5927,63.044,2025-05-19,139,30.27,,30.574,30.577,30.606,29.804,26.705,24.74,21.585,19.02,17.35,15.18,13.143,11.563,10.521,8.369
2903831_017,17.0064,88.9036,2025-05-19,139,30.88,,31.04,31.04,31.026,30.375,29.211,27.723,27.507,24.301,21.555,16.647,12.579,10.665,9.023,7.005
2903956_040,24.6648,60.4381,2025-06-01,152,31.29,,31.803,31.732,27.072,24.747,23.353,22.465,22.352,21.539,21.224,18.876,15.677,13.08,11.234,8.579
1902757_033,22.9101,61.879,2025-06-01,152,30.11,,29.95,29.949,29.954,29.421,24.308,23.64,23.616,23.402,22.651,21.208,17.366,13.497,11.784,9.509
1902594_078,10.9798,87.1106,2025-06-01,152,29.33,,29.971,29.974,29.978,29.981,29.069,27.406,22.858,20.324,17.029,13.866,11.744,9.811,8.537,6.842
6903139_361,12.0688,49.5231,2025-06-01,152,31.6,,31.648,31.631,31.454,30.973,26.332,24.161,22.983,21.731,19.363,16.802,15.042,14.58,13.487,10.649
6903140_357,21.5697,63.2811,2025-06-01,152,29.91,,30.19,30.193,30.191,29.972,25.276,24.007,23.567,22.79,21.228,19.289,16.48,12.737,11.027,8.995
6903141_357,24.18,59.875,2025-06-01,152,31.97,,31.871,31.126,26.153,25.122,23.769,23.154,22.001,20.994,20.435,21.297,17.315,13.027,11.066,8.365
2903140_092,7.6195,66.7693,2025-06-01,152,29.72,,29.862,29.865,29.869,29.87,29.818,27.289,23.304,20.47,17.176,14.197,12.263,10.981,9.048,7.194
7901128_061,17.2667,66.4333,2025-06-01,152,30.17,,30.273,30.273,30.278,30.245,28.458,25.301,23.318,21.214,19.737,17.204,14.468,12.437,11.017,8.759
6990610_061,21.4667,64.1833,2025-06-01,152,30.0,,30.282,30.281,30.276,30.123,26.278,24.126,23.413,22.39,20.858,18.746,16.176,13.364,11.375,9.181
1902672_061,17.8,70.4,2025-06-01,152,30.05,,30.379,30.378,30.269,29.353,27.701,24.875,23.775,22.703,19.017,16.313,13.899,12.55,11.082,8.492
7901125_063,13.4667,90.7333,2025-06-01,152,29.54,,29.581,29.582,29.582,29.578,29.37,26.677,21.953,18.883,16.539,13.939,11.623,9.849,8.514,6.763
5907084_061,19.0833,63.8167,2025-06-01,152,30.38,,30.328,30.332,30.314,30.293,29.449,26.669,25.455,24.509,23.891,20.112,16.548,13.269,11.611,9.223
2902770_193,11.427,90.366,2025-06-01,152,29.55,,30.073,30.074,30.055,30.027,29.076,27.563,23.374,19.539,16.336,13.274,11.538,9.746,8.417,6.713
2902772_193,14.09,84.199,2025-06-01,152,29.51,,30.096,30.095,30.024,29.466,28.419,27.334,24.708,21.788,18.567,14.676,11.884,9.882,8.381,6.562
2902768_194,13.479,83.521,2025-06-01,152,29.58,,30.084,30.079,30.035,29.992,29.907,28.885,26.58,22.984,19.765,15.495,12.023,10.02,8.567,6.455
4903839_029,23.552,59.1988,2025-06-01,152,32.53,,32.116,31.988,28.597,25.802,24.297,23.673,23.556,22.826,21.803,21.133,17.527,13.195,11.336,8.702
5907141_029,23.9793,59.2561,2025-06-01,152,32.33,,31.886,31.83,30.52,26.65,24.396,23.782,23.578,23.459,22.653,21.27,19.007,12.989,11.182,8.898
2902272_223,19.8683,60.8485,2025-06-01,152,29.72,,29.814,29.805,29.791,29.789,25.338,23.734,22.381,20.79,19.818,18.286,15.68,12.806,11.505,9.346
2903137_092,8.1902,51.6155,2025-06-01,152,24.87,,25.662,25.641,25.459,25.156,23.72,21.995,21.32,19.84,17.733,16.22,13.813,11.587,9.875,7.049
1902734_014,21.2029,60.9674,2025-05-31,151,29.77,,30.08,30.079,30.081,30.082,25.941,24.203,23.844,22.075,20.804,19.08,15.873,13.561,11.806,9.285
2903956_039,24.5333,60.4615,2025-05-31,151,31.75,,31.598,31.466,27.841,25.086,23.561,22.829,22.172,21.586,20.97,19.368,15.92,12.928,11.084,8.729
3902657_033,24.2007,61.2453,2025-05-31,151,30.39,,29.562,29.52,28.88,25.396,24.387,23.825,23.442,22.031,20.47,19.016,16.792,13.618,11.658,9.439
1902751_027,20.5919,59.6023,2025-05-31,151,28.91,,29.825,29.827,29.831,29.818,24.709,24.21,23.836,22.87,21.327,19.012,16.437,13.263,11.403,9.037
2902306_040,20.7727,63.5134,2025-05-31,151,30.19,,30.151,30.157,30.161,30.086,25.692,24.347,23.133,21.628,20.663,18.785,16.14,13.293,11.447,9.142
2903955_028,24.8791,60.5352,2025-05-31,151,31.68,,31.674,30.454,26.004,24.336,23.67,23.426,22.442,21.975,21.562,21.298,16.966,12.833,11.365,8.807
4903775_063,13.9833,91.5167,2025-05-31,151,29.6,,29.695,29.698,29.698,29.695,28.691,26.404,21.812,18.272,16.076,13.319,11.324,9.746,8.455,6.818
1902671_061,17.9333,69.0167,2025-05-31,151,30.27,,30.382,30.378,30.364,30.26,28.837,27.109,25.128,22.01,19.758,17.269,14.74,11.999,10.729,8.803
5907083_063,12.0833,87.15,2025-05-31,151,29.4,,30.033,30.034,30.022,30.005,29.687,27.757,24.19,21.005,18.251,14.426,11.748,9.803,8.51,6.579
1902669_063,14.8,86.3,2025-05-31,151,29.62,29.885,29.895,29.898,29.898,29.903,29.683,27.342,23.865,20.593,18.211,14.314,11.665,9.867,8.326,6.39
1901897_257,17.6701,61.5212,2025-05-31,151,29.7,,,,,29.809,25.503,24.3,24.075,21.776,20.12,18.238,15.84,12.864,11.548,9.315
2903956_038,24.3439,60.4214,2025-05-30,150,31.54,,31.693,31.588,27.391,25.127,23.658,23.108,22.363,21.486,21.154,19.135,15.986,12.942,11.171,
2902766_200,14.296,87.689,2025-05-30,150,29.54,,29.833,29.835,29.845,29.897,29.26,28.456,25.6,22.185,19.609,15.107,11.625,9.907,8.457,6.554
6903140_356,21.4665,63.3827,2025-05-30,150,30.17,,30.215,30.214,30.213,27.883,24.978,23.89,23.592,23.067,21.864,19.29,16.152,13.043,11.198,8.996
6903139_360,12.0336,49.3848,2025-05-30,150,31.48,,31.455,31.443,31.282,29.811,25.972,24.037,22.755,21.371,18.743,16.994,14.849,14.894,12.828,10.583
6903141_356,24.4208,59.8367,2025-05-30,150,31.99,,31.22,28.2,25.561,24.733,23.823,23.243,22.08,20.961,21.202,20.771,16.722,12.862,10.953,8.567
2902203_338,15.858,64.922,2025-05-30,150,29.99,,30.105,30.11,30.112,30.115,27.797,24.735,23.189,21.202,20.068,17.606,14.28,12.286,10.773,8.472
5907082_063,17.8167,85.5,2025-05-30,150,30.5,,30.383,30.384,30.384,30.276,29.202,27.747,25.316,22.112,19.516,15.601,12.067,10.498,9.03,6.972
6990715_009,10.15,67.4,2025-05-30,150,29.44,29.651,29.655,29.655,29.658,29.66,29.634,27.462,25.649,23.419,20.014,15.931,13.342,11.554,10.186,8.063
4903839_028,23.6651,59.2229,2025-05-30,150,32.24,,31.899,31.877,27.652,25.545,24.171,23.774,23.567,23.165,22.352,21.151,16.909,13.155,11.506,8.804
5907141_028,24.2315,59.3742,2025-05-30,150,32.23,,31.929,31.917,28.463,25.362,24.218,23.812,23.631,23.491,22.841,21.218,19.312,13.276,10.968,8.6
1902751_026,20.5221,59.5474,2025-05-30,150,28.55,,29.053,29.055,29.055,28.788,24.695,23.93,23.311,22.247,21.438,19.166,16.635,13.39,11.51,9.01
2903956_037,24.1538,60.2926,2025-05-29,149,31.36,,31.685,31.666,26.427,24.506,23.456,22.916,22.277,21.534,21.066,19.892,16.006,12.87,11.372,
1902757_032,23.327,61.9582,2025-05-29,149,30.25,,30.335,30.34,30.339,26.024,23.808,23.64,23.555,23.026,21.893,19.426,16.555,13.368,11.88,9.744
2903145_056,10.8586,52.7291,2025-05-29,149,26.6,,25.809,25.757,25.681,25.245,24.057,23.77,20.625,18.197,17.211,15.173,13.776,11.633,10.21,8.274
2903955_027,24.762,60.5591,2025-05-29,149,30.96,,30.808,28.767,25.973,24.49,23.908,23.56,23.457,22.435,21.397,20.253,17.223,13.342,11.132,8.767
2903142_092,13.1171,63.6226,2025-05-29,149,29.55,,29.755,29.758,29.763,29.765,29.737,25.446,22.353,20.153,18.242,16.219,13.265,11.771,10.685,8.891
2903989_011,15.7833,85.9667,2025-05-29,149,29.94,,30.105,30.112,30.114,30.115,29.534,27.893,25.654,22.156,19.369,15.11,12.065,10.108,8.603,6.584
5907085_059,8.3667,69.7333,2025-05-29,149,29.96,,29.991,29.994,29.996,29.998,29.733,28.632,24.818,20.773,17.459,15.169,12.798,11.12,9.588,7.267
2902201_338,19.137,58.662,2025-05-29,149,27.78,,27.896,27.862,27.215,26.686,25.197,23.851,23.39,22.24,20.196,18.751,16.448,13.168,11.04,8.935
3902669_010,19.0167,63.9,2025-05-29,149,30.25,,30.335,30.34,30.335,30.28,28.797,27.269,25.462,24.325,23.917,20.347,16.752,13.261,11.591,9.129
2903149_056,11.3289,62.5163,2025-05-29,149,29.44,,29.581,29.579,29.582,29.579,29.215,25.922,25.139,22.152,19.707,16.116,13.262,11.681,10.57,8.283
2903831_018,17.2709,88.5786,2025-05-29,149,30.12,,30.435,30.436,30.44,30.32,29.058,28.604,26.297,22.345,19.763,16.112,12.272,10.2,8.783,6.817
2903956_036,24.0184,60.1473,2025-05-28,148,31.21,,31.597,31.436,27.466,24.556,23.718,22.98,22.375,21.453,21.011,20.69,16.245,13.127,11.408,
3902657_032,23.9783,60.8186,2025-05-28,148,30.11,,29.346,28.911,26.922,25.376,24.353,24.044,23.337,21.951,20.596,19.407,16.623,13.547,11.471,9.257
1902734_013,21.1133,61.0492,2025-05-28,148,29.8,,30.012,30.013,30.014,30.01,25.842,23.944,23.711,21.962,20.841,19.111,15.866,13.429,11.696,9.218
6903141_355,24.4469,60.1326,2025-05-28,148,31.06,,31.589,31.084,26.215,24.665,23.86,23.287,22.898,21.756,21.209,21.587,16.495,12.661,10.914,8.405
6903139_359,12.0415,49.2286,2025-05-28,148,31.28,,31.898,31.614,30.864,29.924,26.302,24.44,22.629,20.694,19.186,17.594,15.138,14.45,13.222,10.588
6903140_355,21.3215,63.1434,2025-05-28,148,30.11,,30.248,30.249,30.198,30.062,24.909,24.062,23.647,22.903,21.283,19.204,15.995,12.783,11.192,8.927
7902251_015,12.05,88.1833,2025-05-28,148,29.7,,29.841,29.844,29.848,29.849,29.281,27.333,23.671,21.025,17.931,14.41,11.645,9.901,8.63,6.803
7902249_015,10.4167,84.4833,2025-05-28,148,30.05,,30.149,30.152,30.153,30.072,29.166,27.325,23.126,20.064,17.748,14.698,12.105,10.055,8.601,6.704
1902673_059,11.9833,68.45,2025-05-28,148,29.85,,29.767,29.768,29.768,29.771,29.371,27.049,24.664,21.374,18.7,16.319,13.573,11.905,10.665,8.174
2903147_056,14.0227,60.2888,2025-05-28,148,29.16,,29.536,29.538,29.539,29.526,29.349,25.51,24.49,21.888,19.571,16.744,14.751,12.31,11.144,9.128
2902775_235,7.88,89.298,2025-05-28,148,29.95,,29.855,29.855,29.848,29.842,29.384,26.8,24.284,20.108,17.639,14.38,11.775,10.037,8.589,6.804
1902751_025,20.4722,59.5447,2025-05-28,148,28.2,,28.874,28.873,28.852,25.82,24.565,24.084,23.75,22.899,20.548,18.926,16.288,13.507,11.602,9.198
4903839_027,23.8653,59.3129,2025-05-28,148,31.67,,31.465,31.456,30.23,26.609,24.204,23.749,23.589,23.397,22.765,20.338,17.585,13.224,11.332,8.907
2903955_026,24.5945,60.5733,2025-05-28,148,30.9,,30.461,27.215,25.348,24.307,23.851,23.595,23.426,22.513,20.921,20.893,17.433,12.983,11.351,8.898
7902287_009,9.1833,68.7833,2025-05-27,147,29.93,,29.854,29.853,29.857,29.86,29.846,28.322,24.642,21.568,19.726,15.968,12.974,11.328,9.801,
2903956_035,23.9786,60.0124,2025-05-27,147,31.46,,31.517,30.469,26.105,24.67,23.656,22.616,22.049,21.274,20.985,20.378,16.138,13.174,11.405,8.838
5907141_027,24.5384,59.4433,2025-05-27,147,31.32,,31.788,31.776,29.761,26.32,24.1,23.758,23.732,23.593,22.509,21.294,18.293,13.224,11.075,8.556
1901898_256,12.7239,47.971,2025-05-27,147,30.65,,,,,29.739,26.207,24.481,23.705,21.306,19.265,16.814,14.584,14.379,13.318,11.394
7902248_015,10.75,86.35,2025-05-27,147,29.74,,30.019,30.024,30.02,30.026,29.711,28.361,24.698,20.793,17.72,14.177,11.556,9.827,8.474,6.669
6990612_059,11.95,68.0333,2025-05-27,147,29.84,,29.815,29.818,29.822,29.74,27.803,26.186,24.42,21.114,18.881,16.094,13.883,11.769,10.76,8.158
6990716_009,10.4667,68.5167,2025-05-27,147,29.86,,29.818,29.819,29.82,29.774,28.313,26.804,25.316,22.483,19.606,16.124,13.146,11.449,10.282,8.049
5907140_015,8.4333,83.65,2025-05-27,147,30.44,,30.342,30.343,30.344,30.225,28.696,25.741,22.367,20.224,18.047,14.421,11.747,9.85,8.108,6.038
1902289_030,6.54,69.1348,2025-05-27,147,30.07,,30.135,30.145,30.151,30.154,28.958,27.606,22.795,18.015,16.344,14.154,12.152,10.778,9.209,7.425
2903956_034,24.0252,59.9309,2025-05-26,146,31.14,,31.154,31.187,28.368,25.511,23.442,22.842,22.044,21.116,20.997,20.683,15.972,13.22,11.42,8.945
1902757_031,23.7533,61.8783,2025-05-26,146,29.65,,29.791,29.797,29.778,27.429,24.309,23.904,23.053,23.287,21.745,20.0,16.411,13.221,11.875,9.657
4903794_023,7.244,87.8937,2025-05-26,146,29.33,,29.545,29.546,29.551,29.558,28.981,27.55,22.357,19.012,16.396,14.192,12.139,10.029,8.42,6.538
2902765_194,11.625,85.125,2025-05-26,146,30.22,,30.339,30.34,30.378,30.398,29.265,26.928,23.338,20.666,18.161,14.65,12.115,10.026,8.639,6.769
7901016_065,14.4963,55.9723,2025-05-26,146,30.25,,30.216,30.219,30.219,30.159,27.144,25.045,23.457,21.677,19.898,17.342,15.269,12.574,12.128,9.222
5907179_009,11.05,66.5,2025-05-26,146,29.83,,29.921,29.922,29.928,29.931,28.792,26.002,23.843,20.94,18.392,15.735,13.087,11.488,10.661,8.349
2903988_013,12.6667,85.6333,2025-05-26,146,30.49,,30.301,30.309,30.335,30.053,29.155,27.48,24.532,20.778,18.382,15.259,12.352,9.967,8.46,6.459
3902573_049,9.0,67.6833,2025-05-26,146,29.93,,29.865,29.867,29.864,29.843,28.962,27.192,25.14,21.514,19.229,14.92,12.732,11.065,9.778,7.589
2903895_049,8.2333,59.9,2025-05-26,146,29.78,,29.972,29.97,29.841,29.706,29.51,28.543,26.969,24.409,21.648,16.664,12.827,11.152,10.323,7.961
7901136_073,14.6389,70.1367,2025-05-26,146,29.93,,29.676,29.681,29.687,29.681,29.459,27.568,24.551,23.143,19.974,16.927,14.012,12.339,11.022,8.56
6903139_358,12.096,49.0697,2025-05-26,146,30.69,,31.002,30.91,30.633,29.32,26.743,24.767,21.136,19.612,18.742,17.129,15.143,14.44,13.541,10.617
6903140_354,21.4066,62.8025,2025-05-26,146,29.74,,30.124,30.129,30.07,29.891,25.402,23.908,23.73,23.197,21.974,19.666,16.745,12.92,11.309,9.047
6903141_354,24.1992,60.2184,2025-05-26,146,30.75,,31.645,31.43,31.166,28.242,24.299,22.937,22.239,21.337,20.869,20.495,16.166,12.894,11.174,8.709
1902756_008,14.4719,52.5485,2025-05-26,146,30.01,,30.158,29.971,29.212,25.991,24.243,22.502,20.669,19.793,18.176,16.95,14.765,12.534,12.036,9.325
1902751_024,20.4142,59.5277,2025-05-26,146,28.19,,28.929,28.886,28.855,25.982,24.578,24.151,23.849,23.465,21.549,19.348,16.173,13.271,11.503,9.043
6990514_097,16.7774,65.4567,2025-05-26,146,30.21,,30.355,30.325,30.308,30.0,26.376,24.818,23.84,21.446,20.263,18.098,14.963,12.804,11.113,8.811
4903660_097,15.205,58.9113,2025-05-26,146,29.96,,30.128,30.127,30.124,30.109,26.007,24.094,21.636,20.139,19.234,17.696,15.045,12.638,11.294,8.99
1902458_072,11.4137,66.4552,2025-05-26,146,29.79,,29.958,29.96,29.953,29.953,28.344,25.356,24.495,20.876,18.205,15.268,13.231,11.825,10.576,8.301
4903839_026,24.0586,59.4429,2025-05-26,146,31.28,,31.024,30.577,25.427,24.504,24.365,23.988,23.47,22.092,20.985,19.33,17.263,13.327,11.403,8.998
